user_id,max_streak_count,max_streak_length
1200,31,30
16668,31,30
39164,31,30
59568,31,30
149601,31,30
173105,31,30
210670,31,30
219488,31,30
223510,31,30
230273,31,30
235095,31,30
242698,31,30
272510,31,30
278459,31,30
280853,31,30
284482,31,30
291015,31,30
291769,31,30
293951,31,30
295114,31,30
297580,31,30
303504,31,30
314918,31,30
324946,31,30
335656,31,30
348546,31,30
382055,31,30
407874,31,30
408677,31,30
423874,31,30
425458,31,30
425522,31,30
435385,31,30
438873,31,30
442476,31,30
453915,31,30
151404,30,16
157784,30,17
178842,30,23
251329,30,23
268689,30,15
296613,30,29
357142,30,15
377862,30,29
255282,29,16
285352,29,28
337556,29,28
282739,28,27
316093,28,27
333749,28,27
454532,28,13
216478,27,26
289270,27,15
408002,27,26
228202,26,25
421330,26,25
433475,26,25
292611,25,22
330074,25,24
365107,25,24
380721,25,18
173561,24,23
272186,24,23
348946,24,6
351183,24,23
374333,24,19
400441,24,23
410772,24,13
18378,23,6
162406,23,18
185851,23,22
244135,23,22
260980,23,22
341941,23,22
343001,23,22
226612,22,21
261758,22,21
263546,22,21
453798,22,21
211129,21,20
258321,21,20
308287,21,20
328067,21,20
348448,21,20
424313,21,20
160274,20,14
293843,20,19
294343,20,19
300045,20,19
396948,20,14
411894,20,19
448142,20,19
449271,20,19
454069,20,19
454622,20,19
228262,19,6
289814,19,18
292496,19,18
414419,19,18
455085,19,18
5790,18,15
157144,18,17
264146,18,17
265685,18,17
291975,18,17
299962,18,17
315520,18,17
353507,18,17
407176,18,17
453988,18,17
307003,17,16
391777,17,16
407948,17,16
105156,16,15
271761,16,15
274861,16,15
291789,16,15
337144,16,15
343604,16,15
389942,16,10
2332,15,14
310446,15,14
320597,15,14
435646,15,14
42236,14,7
161693,14,13
254372,14,13
313884,14,13
350429,14,13
391161,14,8
419659,14,9
420093,14,13
3938,13,12
147579,13,6
149472,13,12
161338,13,12
176396,13,12
188716,13,12
255296,13,12
262580,13,12
279562,13,12
280148,13,12
280613,13,12
296103,13,6
317252,13,12
341865,13,12
342007,13,12
364616,13,12
389726,13,12
453252,13,12
147038,12,11
175519,12,11
202070,12,11
275045,12,11
286826,12,11
293592,12,11
295567,12,11
296995,12,11
297106,12,11
355575,12,11
378517,12,11
393840,12,11
438715,12,10
453682,12,5
454777,12,11
4016,11,9
180288,11,10
253829,11,10
254713,11,10
263579,11,10
278753,11,10
278851,11,10
282604,11,10
292596,11,7
293083,11,10
330297,11,10
344832,11,10
345771,11,10
382668,11,10
384432,11,10
401744,11,10
411668,11,10
439498,11,10
444259,11,10
447775,11,10
449130,11,10
452909,11,10
456091,11,10
457598,11,10
35260,10,6
181776,10,9
182512,10,9
212463,10,9
293936,10,9
311170,10,9
312359,10,9
313912,10,9
326241,10,9
394037,10,9
414667,10,9
427200,10,9
453334,10,9
454023,10,9
454557,10,9
7620,9,8
151694,9,8
165374,9,8
190803,9,8
194135,9,8
224264,9,8
242014,9,8
244886,9,8
248535,9,8
252678,9,8
268926,9,8
271257,9,8
275189,9,8
283029,9,6
289005,9,5
291487,9,8
292350,9,8
297248,9,8
297475,9,8
333166,9,4
336509,9,5
340331,9,8
349988,9,8
418364,9,8
453762,9,8
454697,9,8
457140,9,8
145754,8,7
146603,8,7
156038,8,7
179203,8,7
194043,8,7
260345,8,7
263293,8,7
263438,8,7
271154,8,7
272063,8,7
274630,8,7
280345,8,7
283636,8,7
285283,8,7
295756,8,7
295823,8,7
315296,8,7
316270,8,7
318419,8,7
335556,8,7
339247,8,7
342567,8,7
345468,8,7
347344,8,7
347634,8,7
396741,8,7
398107,8,6
416364,8,7
417027,8,7
426151,8,7
432812,8,7
453932,8,7
454467,8,7
454504,8,7
1901,7,6
6819,7,6
7106,7,6
9845,7,6
14825,7,6
30273,7,6
89305,7,6
137618,7,6
159370,7,6
230894,7,6
233324,7,6
234162,7,6
234437,7,6
242515,7,6
244031,7,6
248647,7,6
261171,7,6
261895,7,6
262459,7,6
265588,7,6
274532,7,6
275093,7,6
275165,7,6
279217,7,6
282591,7,6
282977,7,6
288208,7,6
290746,7,6
291551,7,6
292033,7,6
292491,7,6
293303,7,6
296402,7,6
296892,7,6
297035,7,6
298058,7,6
305504,7,4
314217,7,6
316337,7,6
334688,7,6
337022,7,6
343832,7,6
397038,7,6
399678,7,6
410450,7,6
430754,7,6
431410,7,6
433431,7,6
452457,7,6
454788,7,6
454913,7,6
455138,7,6
456070,7,6
458634,7,6
458964,7,6
459804,7,6
460179,7,6
457784,6,5
458031,6,5
458045,6,5
458882,6,5
459012,6,5
460279,6,5
12623,6,5
53434,6,5
159186,6,5
183867,6,5
183901,6,5
198179,6,5
230052,6,5
254310,6,5
255220,6,5
258843,6,5
261552,6,5
261693,6,5
271950,6,5
272596,6,5
274572,6,5
275132,6,5
275583,6,5
282507,6,5
283824,6,5
284438,6,5
286073,6,5
286802,6,5
288210,6,5
288584,6,5
290303,6,5
290353,6,5
290737,6,5
291264,6,5
293682,6,5
293976,6,5
294590,6,5
294948,6,5
296461,6,5
296473,6,5
297375,6,5
297781,6,5
310728,6,5
330146,6,5
336447,6,5
343468,6,5
357325,6,5
358274,6,5
360436,6,5
365019,6,5
365753,6,5
378891,6,5
388890,6,5
392716,6,5
393366,6,5
394085,6,5
394183,6,5
396484,6,5
401111,6,5
401369,6,5
414067,6,5
422016,6,5
422172,6,5
423998,6,5
431429,6,5
433705,6,5
434592,6,5
439052,6,5
439999,6,5
443104,6,5
450876,6,5
451029,6,5
452448,6,5
453595,6,5
453608,6,5
453715,6,5
453790,6,5
453912,6,5
454106,6,5
454276,6,5
454403,6,5
454904,6,5
454984,6,5
455034,6,5
455247,6,5
455636,6,5
1374,5,4
2248,5,4
3984,5,4
4231,5,4
4435,5,4
6976,5,4
9305,5,4
9446,5,4
12930,5,4
155342,5,4
165955,5,4
166070,5,4
171349,5,4
171760,5,4
178111,5,4
182414,5,4
182591,5,4
191589,5,4
193456,5,4
218048,5,4
224777,5,4
229699,5,4
234889,5,4
238800,5,4
242776,5,4
248969,5,4
249503,5,4
253772,5,4
255016,5,4
260295,5,4
260813,5,4
260910,5,4
261682,5,4
267916,5,4
268799,5,4
271015,5,4
271519,5,4
272123,5,4
273060,5,4
273303,5,4
274825,5,4
275422,5,4
275430,5,4
275449,5,4
277322,5,4
277866,5,4
279402,5,4
284856,5,4
286190,5,4
287916,5,4
288232,5,4
288909,5,4
289232,5,4
291183,5,4
291462,5,4
291586,5,4
291990,5,4
292538,5,4
292564,5,4
292641,5,4
292650,5,4
293600,5,4
293858,5,4
293880,5,4
294193,5,4
294314,5,4
294560,5,4
296089,5,4
296440,5,4
296968,5,4
300127,5,4
301081,5,4
302585,5,4
302781,5,4
308635,5,4
310297,5,4
314554,5,4
315265,5,4
320162,5,4
320922,5,4
321420,5,4
322943,5,4
324068,5,4
324862,5,4
327618,5,4
328665,5,4
332032,5,4
333566,5,4
338952,5,4
340250,5,4
340935,5,4
343646,5,4
344968,5,4
348497,5,4
350508,5,4
360022,5,4
363480,5,4
375324,5,4
379252,5,4
380876,5,4
383686,5,4
384278,5,4
389865,5,4
393315,5,3
395797,5,4
396651,5,4
400205,5,4
400491,5,4
404395,5,4
409880,5,4
424720,5,4
431105,5,4
431116,5,4
431234,5,4
431843,5,4
440401,5,4
440804,5,4
441164,5,4
443900,5,3
448308,5,4
449716,5,4
451363,5,4
453114,5,4
454010,5,4
454029,5,4
454073,5,4
454129,5,4
454363,5,4
454549,5,4
454935,5,4
455142,5,4
455156,5,4
455223,5,4
455233,5,4
455328,5,4
455331,5,4
456110,5,4
456485,5,4
456705,5,4
456969,5,4
457199,5,4
457290,5,4
457300,5,4
457690,5,4
457712,5,4
458078,5,4
458249,5,4
459369,5,4
461063,5,4
461171,5,4
461182,5,4
455664,4,3
455748,4,3
455964,4,3
456578,4,3
456588,4,3
456676,4,3
456690,4,3
456777,4,3
456862,4,3
456934,4,3
457591,4,3
458025,4,3
458068,4,3
458298,4,3
458550,4,3
458666,4,3
458799,4,3
458853,4,3
459618,4,3
459852,4,3
460899,4,3
461431,4,3
461443,4,3
461475,4,3
1561,4,3
1562,4,3
1930,4,3
2545,4,3
2824,4,3
4320,4,3
11808,4,3
16647,4,3
16979,4,3
18396,4,3
21464,4,3
25813,4,3
27160,4,3
27180,4,3
55809,4,3
84641,4,3
89036,4,3
100706,4,3
116991,4,3
123128,4,3
149787,4,3
156183,4,3
159071,4,3
164842,4,3
166225,4,3
171339,4,3
173584,4,3
183419,4,3
183924,4,3
186915,4,3
196154,4,3
197262,4,3
199756,4,3
206925,4,3
209054,4,3
211603,4,3
213887,4,3
218699,4,3
235168,4,3
243941,4,3
254092,4,3
254605,4,3
254672,4,3
255396,4,3
256779,4,3
260646,4,3
260891,4,3
261132,4,3
262634,4,3
263338,4,3
266766,4,3
268287,4,3
268616,4,3
269040,4,3
269660,4,3
269959,4,3
270135,4,3
270993,4,3
272755,4,3
272923,4,3
275215,4,3
275457,4,3
277066,4,3
277084,4,3
277353,4,3
277864,4,3
278283,4,3
278890,4,3
280134,4,3
281022,4,3
281395,4,2
281522,4,3
281531,4,3
282036,4,3
282121,4,3
282304,4,3
282573,4,3
282601,4,3
285322,4,3
285749,4,3
287158,4,3
288223,4,2
288691,4,3
289370,4,3
291402,4,3
291691,4,3
292657,4,3
292819,4,3
294227,4,3
294338,4,3
295863,4,3
295973,4,3
296127,4,3
296192,4,3
296706,4,3
296813,4,3
299051,4,3
301042,4,3
301045,4,3
301284,4,3
301687,4,3
312858,4,3
318366,4,3
321081,4,3
325958,4,3
327200,4,3
327235,4,3
328180,4,3
328788,4,3
330071,4,3
331872,4,3
334108,4,3
335586,4,3
336864,4,3
338572,4,3
339842,4,3
344346,4,3
344453,4,3
345248,4,3
346914,4,3
347997,4,3
349663,4,3
350839,4,3
351701,4,3
352781,4,3
354822,4,3
359142,4,3
360857,4,3
362422,4,3
364831,4,3
368364,4,3
371053,4,3
372073,4,3
376511,4,3
380712,4,3
382846,4,3
383391,4,3
389727,4,3
390192,4,3
394140,4,3
395377,4,3
397355,4,3
397803,4,3
397872,4,3
398502,4,3
399991,4,3
401773,4,3
402610,4,3
403898,4,3
404582,4,3
404846,4,3
407557,4,3
413461,4,3
416270,4,3
419922,4,3
420963,4,3
421286,4,3
424291,4,3
424308,4,3
427412,4,3
428938,4,3
429700,4,3
430233,4,3
430899,4,3
434664,4,3
434887,4,3
435680,4,3
436531,4,3
437482,4,3
440821,4,3
442306,4,3
442791,4,3
443420,4,3
444511,4,3
444721,4,3
447299,4,3
448646,4,3
449491,4,3
452764,4,3
453029,4,3
453051,4,3
453163,4,3
453530,4,3
453556,4,3
453883,4,3
454123,4,3
454142,4,3
454201,4,3
454362,4,3
454478,4,3
454538,4,3
454565,4,3
454659,4,3
454781,4,3
454855,4,3
454952,4,3
454953,4,3
455088,4,3
455209,4,3
455321,4,3
455375,4,3
31,3,2
519,3,2
838,3,2
841,3,2
939,3,2
1306,3,2
1521,3,2
1652,3,2
2185,3,2
2555,3,2
3577,3,2
3599,3,2
3718,3,2
4054,3,2
4465,3,2
5010,3,2
6359,3,2
6950,3,2
6958,3,2
6971,3,2
7244,3,2
7955,3,2
9666,3,2
10242,3,2
12205,3,2
13290,3,2
13296,3,2
18533,3,2
21603,3,2
24687,3,2
24762,3,2
39563,3,2
40867,3,2
52707,3,2
63294,3,2
98065,3,2
102378,3,2
113542,3,2
136851,3,2
137389,3,2
143002,3,2
144023,3,2
144164,3,2
144682,3,2
145813,3,2
146514,3,2
148755,3,2
149815,3,2
155640,3,2
156206,3,2
157791,3,2
161470,3,2
163143,3,2
165026,3,2
165077,3,2
171275,3,2
172161,3,2
175300,3,2
181440,3,2
184370,3,2
192293,3,2
192722,3,2
197346,3,2
198958,3,2
208408,3,2
208451,3,2
209515,3,2
210318,3,2
216694,3,2
224800,3,2
233619,3,2
236414,3,2
238231,3,2
239022,3,2
239680,3,2
242205,3,2
246328,3,2
247713,3,2
247838,3,2
255123,3,2
255257,3,2
255668,3,2
258201,3,2
258933,3,2
259657,3,2
260465,3,2
261390,3,2
261449,3,2
261813,3,2
261972,3,2
262112,3,2
262641,3,2
262761,3,2
263076,3,2
263519,3,2
263648,3,2
263783,3,2
265758,3,2
266001,3,2
266340,3,2
266410,3,2
267064,3,2
267824,3,2
268357,3,2
268584,3,2
268984,3,2
269519,3,2
270607,3,2
270738,3,2
270930,3,2
271841,3,2
272452,3,2
273126,3,2
273136,3,2
273235,3,2
274536,3,2
274877,3,2
275092,3,2
276104,3,2
277065,3,1
277410,3,2
278496,3,2
278701,3,2
278881,3,2
279264,3,2
282174,3,2
282283,3,2
282408,3,2
282839,3,2
282986,3,2
283691,3,2
284266,3,2
285016,3,2
285397,3,2
286834,3,2
286884,3,2
287473,3,2
287737,3,2
288206,3,2
288284,3,2
289609,3,2
290242,3,2
291116,3,2
291528,3,2
291606,3,2
291653,3,2
291686,3,2
291701,3,2
291744,3,2
291979,3,2
292006,3,2
292048,3,2
292355,3,2
292574,3,2
292619,3,2
292640,3,2
292643,3,2
292815,3,2
293005,3,2
293272,3,2
293510,3,2
293542,3,2
294682,3,2
294776,3,2
294907,3,2
296105,3,2
296107,3,2
296124,3,2
296203,3,2
296237,3,2
296291,3,2
296659,3,2
296812,3,2
296997,3,2
297008,3,2
298019,3,2
298154,3,2
298869,3,2
299199,3,2
300231,3,2
300259,3,2
300945,3,2
301843,3,2
303148,3,2
304856,3,2
305768,3,2
306292,3,2
306871,3,2
307177,3,2
308189,3,2
309089,3,2
309205,3,2
309553,3,2
310633,3,2
310861,3,2
310878,3,2
311561,3,2
313452,3,2
313493,3,2
313716,3,2
315711,3,2
316003,3,2
316893,3,2
318194,3,2
318257,3,2
320002,3,2
322546,3,2
323278,3,2
323543,3,2
324233,3,2
325393,3,2
327310,3,2
329828,3,2
330675,3,2
332257,3,2
336022,3,2
337395,3,2
339333,3,2
340602,3,2
342059,3,2
342268,3,2
343190,3,2
343534,3,2
343772,3,2
343952,3,2
346761,3,2
347232,3,2
347816,3,2
348227,3,2
348341,3,2
348639,3,2
349306,3,2
351766,3,2
351808,3,2
353058,3,2
354167,3,2
355614,3,2
356697,3,2
361941,3,2
365004,3,2
370448,3,2
371076,3,2
371574,3,2
374751,3,2
377892,3,2
382523,3,2
384203,3,2
385822,3,2
386853,3,2
390859,3,2
391093,3,2
391565,3,2
391818,3,2
392756,3,2
393372,3,2
396442,3,2
396981,3,2
397349,3,2
398858,3,2
401067,3,2
401424,3,2
401747,3,2
401906,3,2
404004,3,2
404198,3,2
405140,3,2
405455,3,2
406152,3,2
407928,3,2
409180,3,2
409223,3,2
410495,3,2
410991,3,2
411827,3,2
412305,3,2
414327,3,2
416166,3,2
418606,3,2
419038,3,2
419650,3,2
420705,3,2
422203,3,2
423338,3,2
424451,3,2
424697,3,2
424743,3,2
425038,3,2
425328,3,2
425525,3,2
427348,3,2
428123,3,2
429978,3,2
430977,3,2
431218,3,2
431440,3,2
431802,3,2
431946,3,2
433183,3,2
433581,3,2
434432,3,2
436298,3,2
436425,3,2
437150,3,2
437633,3,2
438477,3,2
439142,3,2
439509,3,2
440139,3,2
440307,3,2
440612,3,2
441154,3,2
441569,3,2
441628,3,2
442176,3,2
442417,3,2
442538,3,2
443100,3,2
445128,3,2
445891,3,2
446309,3,2
446340,3,2
447945,3,2
450204,3,2
450604,3,2
450806,3,2
450969,3,2
451348,3,2
451381,3,2
452182,3,2
452490,3,2
452756,3,2
452880,3,2
453041,3,2
453104,3,2
453174,3,2
453177,3,2
453194,3,2
453213,3,2
453247,3,2
453388,3,2
453420,3,2
453423,3,2
453433,3,2
453619,3,2
453678,3,2
453824,3,2
453885,3,2
453937,3,2
453955,3,2
454261,3,2
454370,3,2
454393,3,2
454401,3,2
454424,3,2
454431,3,2
454451,3,2
454488,3,2
454591,3,2
454683,3,2
454749,3,2
454817,3,2
455007,3,2
455025,3,2
455087,3,2
455101,3,2
455198,3,2
455216,3,2
455254,3,2
455291,3,2
455294,3,2
455329,3,2
455355,3,2
455369,3,2
455399,3,2
455545,3,2
455587,3,2
455628,3,2
455733,3,2
455834,3,2
456111,3,2
456175,3,2
456237,3,2
456240,3,2
456539,3,2
456575,3,2
456585,3,2
456624,3,2
456699,3,2
456982,3,2
456987,3,2
457002,3,2
457086,3,2
457185,3,2
457249,3,2
457545,3,2
457579,3,2
457584,3,2
457656,3,2
457787,3,2
457811,3,2
457831,3,2
457848,3,2
457928,3,2
458163,3,2
458228,3,2
458269,3,2
458523,3,2
458525,3,2
458534,3,2
458735,3,2
459298,3,2
459433,3,2
459461,3,2
459615,3,2
459674,3,2
459850,3,2
459921,3,2
460395,3,2
460460,3,2
460635,3,2
460950,3,2
460958,3,2
461025,3,2
461088,3,2
461319,3,2
461551,3,2
461685,3,2
461771,3,2
461837,3,2
461856,3,2
455655,2,1
455690,2,1
455694,2,1
455750,2,1
455769,2,1
455782,2,1
455806,2,1
455840,2,1
455841,2,1
455874,2,1
455884,2,1
455895,2,1
455917,2,1
455930,2,1
455937,2,1
455957,2,1
455988,2,1
455991,2,1
456009,2,1
456024,2,1
456050,2,1
456127,2,1
456137,2,1
456229,2,1
456250,2,1
456255,2,1
456259,2,1
456266,2,1
456289,2,1
456309,2,1
456321,2,1
456370,2,1
456402,2,1
456407,2,1
456413,2,1
456419,2,1
456438,2,1
456443,2,1
456490,2,1
456532,2,1
456535,2,1
456579,2,1
456580,2,1
456581,2,1
456601,2,1
456643,2,1
456689,2,1
456709,2,1
456758,2,1
456786,2,1
456813,2,1
456858,2,1
456868,2,1
456888,2,1
456910,2,1
456912,2,1
456944,2,1
456997,2,1
457004,2,1
457006,2,1
457049,2,1
457052,2,1
457088,2,1
457147,2,1
457181,2,1
457251,2,1
457265,2,1
457280,2,1
457310,2,1
457311,2,1
457341,2,1
457364,2,1
457386,2,1
457402,2,1
457421,2,1
457441,2,1
457518,2,1
457548,2,1
457571,2,1
457578,2,1
457585,2,1
457630,2,1
457655,2,1
457663,2,1
457667,2,1
457689,2,1
457697,2,1
457711,2,1
457718,2,1
457737,2,1
457748,2,1
457754,2,1
457759,2,1
457767,2,1
457768,2,1
457772,2,1
457783,2,1
457828,2,1
457847,2,1
457881,2,1
457887,2,1
457976,2,1
457982,2,1
458005,2,1
458017,2,1
458019,2,1
458021,2,1
458028,2,1
458034,2,1
458062,2,1
458070,2,1
458094,2,1
458101,2,1
458153,2,1
458154,2,1
458164,2,1
458168,2,1
458197,2,1
458200,2,1
458212,2,1
458232,2,1
458239,2,1
458270,2,1
458287,2,1
458296,2,1
458318,2,1
458374,2,1
458387,2,1
458398,2,1
458403,2,1
458420,2,1
458442,2,1
458497,2,1
458506,2,1
458509,2,1
458554,2,1
458557,2,1
458562,2,1
458630,2,1
458633,2,1
458636,2,1
458653,2,1
458670,2,1
458678,2,1
458727,2,1
458738,2,1
458771,2,1
458787,2,1
458825,2,1
458832,2,1
458844,2,1
458870,2,1
458884,2,1
458925,2,1
458939,2,1
458943,2,1
458954,2,1
458956,2,1
458970,2,1
458989,2,1
459045,2,1
459112,2,1
459117,2,1
459193,2,1
459292,2,1
459318,2,1
459341,2,1
459448,2,1
459470,2,1
459483,2,1
459504,2,1
459506,2,1
459519,2,1
459522,2,1
459524,2,1
459536,2,1
459539,2,1
459558,2,1
459580,2,1
459600,2,1
459611,2,1
459659,2,1
459663,2,1
459687,2,1
459689,2,1
459699,2,1
459741,2,1
459752,2,1
459775,2,1
459780,2,1
459919,2,1
459946,2,1
459957,2,1
460023,2,1
460119,2,1
460122,2,1
460181,2,1
460195,2,1
460198,2,1
460215,2,1
460275,2,1
460285,2,1
460290,2,1
460337,2,1
460374,2,1
460404,2,1
460412,2,1
460430,2,1
460435,2,1
460440,2,1
460441,2,1
460479,2,1
460483,2,1
460505,2,1
460514,2,1
460527,2,1
460536,2,1
460544,2,1
460562,2,1
460564,2,1
460601,2,1
460612,2,1
460637,2,1
460646,2,1
460767,2,1
460790,2,1
460792,2,1
460801,2,1
460807,2,1
460854,2,1
460869,2,1
460879,2,1
460918,2,1
460922,2,1
460977,2,1
460983,2,1
460991,2,1
460995,2,1
460999,2,1
461020,2,1
461032,2,1
461033,2,1
461042,2,1
461076,2,1
461122,2,1
461181,2,1
461206,2,1
461209,2,1
461225,2,1
461269,2,1
461330,2,1
461331,2,1
461410,2,1
461440,2,1
461487,2,1
461520,2,1
461527,2,1
461534,2,1
461569,2,1
461599,2,1
461604,2,1
461630,2,1
461636,2,1
461640,2,1
461660,2,1
461667,2,1
461681,2,1
461701,2,1
461704,2,1
461705,2,1
461712,2,1
461721,2,1
461728,2,1
461734,2,1
461763,2,1
461785,2,1
461821,2,1
461908,2,1
461948,2,1
461995,2,1
462015,2,1
462021,2,1
462031,2,1
462080,2,1
462085,2,1
462103,2,1
462115,2,1
462119,2,1
241,2,1
908,2,1
1068,2,1
1107,2,1
1482,2,1
1500,2,1
1516,2,1
1530,2,1
1713,2,1
1977,2,1
2075,2,1
2264,2,1
2295,2,1
2397,2,1
2723,2,1
2817,2,1
2921,2,1
3059,2,1
3162,2,1
4360,2,1
4933,2,1
5143,2,1
5389,2,1
6026,2,1
6053,2,1
6165,2,1
6252,2,1
6899,2,1
6997,2,1
7034,2,1
7492,2,1
7502,2,1
7898,2,1
9380,2,1
10131,2,1
10505,2,1
10905,2,1
11365,2,1
13695,2,1
17598,2,1
18314,2,1
21801,2,1
22887,2,1
24664,2,1
25507,2,1
30067,2,1
33912,2,1
34172,2,1
39492,2,1
42005,2,1
44058,2,1
64065,2,1
71856,2,1
73520,2,1
74935,2,1
77476,2,1
86291,2,1
113425,2,1
115657,2,1
125191,2,1
129608,2,1
133023,2,1
139247,2,1
142814,2,1
143407,2,1
143785,2,1
144951,2,1
145472,2,1
146220,2,1
146349,2,1
146968,2,1
146990,2,1
147087,2,1
147469,2,1
149576,2,1
149960,2,1
150823,2,1
152138,2,1
152211,2,1
154458,2,1
155280,2,1
156182,2,1
156429,2,1
156587,2,1
156607,2,1
156660,2,1
156753,2,1
157218,2,1
157594,2,1
157722,2,1
159239,2,1
162287,2,1
164222,2,1
164442,2,1
166037,2,1
166675,2,1
168573,2,1
169966,2,1
171397,2,1
171448,2,1
172218,2,1
172440,2,1
172441,2,1
172870,2,1
174071,2,1
175064,2,1
175955,2,1
175978,2,1
177134,2,1
178994,2,1
179103,2,1
180021,2,1
180088,2,1
181620,2,1
182897,2,1
183930,2,1
184533,2,1
185764,2,1
186061,2,1
186186,2,1
192115,2,1
195830,2,1
196733,2,1
196968,2,1
197505,2,1
202661,2,1
203853,2,1
206068,2,1
206754,2,1
207737,2,1
208967,2,1
209351,2,1
209960,2,1
210377,2,1
210961,2,1
211139,2,1
213198,2,1
213972,2,1
216394,2,1
216760,2,1
217593,2,1
218237,2,1
220700,2,1
221756,2,1
221898,2,1
222355,2,1
224699,2,1
225011,2,1
225037,2,1
227039,2,1
227538,2,1
228175,2,1
228432,2,1
230033,2,1
230140,2,1
230326,2,1
230333,2,1
231164,2,1
232006,2,1
233588,2,1
235442,2,1
236455,2,1
236728,2,1
237645,2,1
238885,2,1
240194,2,1
240591,2,1
241036,2,1
241736,2,1
242790,2,1
244830,2,1
245137,2,1
245451,2,1
248447,2,1
248587,2,1
249905,2,1
250386,2,1
251555,2,1
252200,2,1
252685,2,1
253303,2,1
254337,2,1
254432,2,1
254467,2,1
254720,2,1
254875,2,1
257254,2,1
258137,2,1
258311,2,1
258800,2,1
260754,2,1
260916,2,1
261239,2,1
261393,2,1
261626,2,1
261674,2,1
261810,2,1
262273,2,1
262585,2,1
262955,2,1
263120,2,1
264079,2,1
264425,2,1
265130,2,1
265343,2,1
265519,2,1
268242,2,1
268331,2,1
268516,2,1
268811,2,1
268965,2,1
268997,2,1
269003,2,1
269038,2,1
269130,2,1
269204,2,1
269293,2,1
269373,2,1
269452,2,1
269769,2,1
269937,2,1
270193,2,1
270263,2,1
270474,2,1
270606,2,1
270671,2,1
270675,2,1
271185,2,1
271925,2,1
272029,2,1
272909,2,1
272965,2,1
273630,2,1
273846,2,1
273960,2,1
274057,2,1
274127,2,1
274611,2,1
274994,2,1
275277,2,1
275412,2,1
275445,2,1
275669,2,1
275754,2,1
275938,2,1
276227,2,1
276998,2,1
277766,2,1
277834,2,1
277972,2,1
278055,2,1
278461,2,1
278647,2,1
278716,2,1
278758,2,1
278764,2,1
279487,2,1
279513,2,1
279735,2,1
280067,2,1
280231,2,1
280548,2,1
280913,2,1
281608,2,1
281742,2,1
282032,2,1
282288,2,1
282529,2,1
282542,2,1
282560,2,1
282751,2,1
282935,2,1
282936,2,1
283005,2,1
283154,2,1
283206,2,1
283612,2,1
284147,2,1
284633,2,1
284837,2,1
285276,2,1
285504,2,1
285776,2,1
286273,2,1
286852,2,1
287238,2,1
287548,2,1
287565,2,1
288021,2,1
288071,2,1
288214,2,1
288218,2,1
288245,2,1
288293,2,1
288430,2,1
288435,2,1
288719,2,1
288834,2,1
289048,2,1
289066,2,1
289260,2,1
289538,2,1
289580,2,1
289919,2,1
290231,2,1
290283,2,1
290383,2,1
290719,2,1
290914,2,1
291169,2,1
291177,2,1
291401,2,1
291561,2,1
291565,2,1
291566,2,1
291577,2,1
291625,2,1
291648,2,1
291649,2,1
291652,2,1
291654,2,1
291658,2,1
291671,2,1
291831,2,1
291875,2,1
291878,2,1
291881,2,1
292106,2,1
292114,2,1
292121,2,1
292191,2,1
292402,2,1
292403,2,1
292407,2,1
292436,2,1
292475,2,1
292484,2,1
292595,2,1
292625,2,1
292648,2,1
292720,2,1
293214,2,1
293539,2,1
293541,2,1
293627,2,1
294142,2,1
294199,2,1
294213,2,1
294240,2,1
295096,2,1
295256,2,1
295281,2,1
295323,2,1
295506,2,1
295829,2,1
296123,2,1
296134,2,1
296207,2,1
296311,2,1
296690,2,1
296697,2,1
296942,2,1
297628,2,1
298231,2,1
298971,2,1
299194,2,1
299204,2,1
299794,2,1
300205,2,1
300949,2,1
301485,2,1
302100,2,1
302357,2,1
302525,2,1
302567,2,1
303509,2,1
303769,2,1
303839,2,1
303853,2,1
303864,2,1
304104,2,1
304546,2,1
304589,2,1
304746,2,1
304770,2,1
305228,2,1
305618,2,1
305895,2,1
306255,2,1
307528,2,1
307635,2,1
307741,2,1
308004,2,1
308055,2,1
308119,2,1
308952,2,1
309420,2,1
310065,2,1
310260,2,1
310279,2,1
310831,2,1
310911,2,1
310914,2,1
311729,2,1
313027,2,1
313395,2,1
313487,2,1
313639,2,1
313766,2,1
314404,2,1
315048,2,1
315136,2,1
315686,2,1
315928,2,1
317248,2,1
317638,2,1
319687,2,1
320177,2,1
320719,2,1
320910,2,1
322483,2,1
322886,2,1
323226,2,1
324442,2,1
324551,2,1
324595,2,1
324643,2,1
324834,2,1
326092,2,1
326096,2,1
326761,2,1
327093,2,1
327462,2,1
328185,2,1
328941,2,1
329557,2,1
331430,2,1
331534,2,1
332400,2,1
332599,2,1
333831,2,1
333832,2,1
333836,2,1
334098,2,1
334389,2,1
335020,2,1
335707,2,1
337062,2,1
337132,2,1
337180,2,1
337417,2,1
337520,2,1
337693,2,1
337697,2,1
337982,2,1
338539,2,1
338873,2,1
338993,2,1
340405,2,1
340703,2,1
340758,2,1
340911,2,1
341098,2,1
341335,2,1
341706,2,1
342574,2,1
342844,2,1
343192,2,1
343239,2,1
343379,2,1
343478,2,1
343516,2,1
343736,2,1
343761,2,1
343868,2,1
344468,2,1
344866,2,1
344935,2,1
345164,2,1
345237,2,1
345455,2,1
345552,2,1
346530,2,1
346780,2,1
347016,2,1
347189,2,1
347420,2,1
347467,2,1
347588,2,1
347895,2,1
348047,2,1
349020,2,1
349113,2,1
349179,2,1
349196,2,1
349278,2,1
349553,2,1
351050,2,1
351231,2,1
352143,2,1
353381,2,1
353423,2,1
353462,2,1
354412,2,1
354722,2,1
354817,2,1
355242,2,1
355424,2,1
356249,2,1
357357,2,1
357608,2,1
357719,2,1
358900,2,1
359054,2,1
359324,2,1
359877,2,1
359890,2,1
360501,2,1
360875,2,1
361294,2,1
361988,2,1
362379,2,1
362685,2,1
363037,2,1
364472,2,1
364623,2,1
365070,2,1
365212,2,1
367591,2,1
368565,2,1
368672,2,1
369564,2,1
369831,2,1
369928,2,1
371864,2,1
372468,2,1
372757,2,1
373953,2,1
374075,2,1
374681,2,1
377004,2,1
377333,2,1
377367,2,1
378199,2,1
379054,2,1
379083,2,1
379845,2,1
379886,2,1
380440,2,1
384408,2,1
384500,2,1
384823,2,1
388201,2,1
388887,2,1
388915,2,1
388919,2,1
389478,2,1
389976,2,1
390410,2,1
390876,2,1
391703,2,1
392600,2,1
392863,2,1
393127,2,1
394304,2,1
394539,2,1
394745,2,1
395576,2,1
396602,2,1
396845,2,1
397155,2,1
397483,2,1
398794,2,1
399198,2,1
399589,2,1
399844,2,1
400820,2,1
400850,2,1
400939,2,1
401598,2,1
401782,2,1
402461,2,1
402487,2,1
402852,2,1
403078,2,1
406659,2,1
406973,2,1
408008,2,1
408107,2,1
408630,2,1
408873,2,1
409733,2,1
409754,2,1
409770,2,1
409934,2,1
410507,2,1
410836,2,1
411807,2,1
412155,2,1
412252,2,1
412319,2,1
412516,2,1
412749,2,1
414064,2,1
414378,2,1
414530,2,1
415419,2,1
415639,2,1
416968,2,1
418009,2,1
418473,2,1
418795,2,1
419250,2,1
419286,2,1
419321,2,1
419581,2,1
419849,2,1
420284,2,1
420744,2,1
421193,2,1
421345,2,1
421630,2,1
421636,2,1
421643,2,1
422117,2,1
422579,2,1
423181,2,1
423194,2,1
423670,2,1
424230,2,1
424638,2,1
424675,2,1
424690,2,1
424797,2,1
425104,2,1
426430,2,1
428193,2,1
428264,2,1
428402,2,1
428440,2,1
429004,2,1
429826,2,1
429998,2,1
430316,2,1
430496,2,1
431118,2,1
431663,2,1
431787,2,1
431847,2,1
432744,2,1
432866,2,1
432975,2,1
433059,2,1
433569,2,1
433613,2,1
433906,2,1
433919,2,1
434356,2,1
434844,2,1
435480,2,1
436310,2,1
436454,2,1
436849,2,1
437254,2,1
437470,2,1
437517,2,1
437546,2,1
437649,2,1
437674,2,1
437817,2,1
438474,2,1
438625,2,1
438918,2,1
439132,2,1
439134,2,1
439380,2,1
440316,2,1
440551,2,1
440622,2,1
440815,2,1
440954,2,1
441277,2,1
441416,2,1
441460,2,1
441587,2,1
441620,2,1
441691,2,1
441853,2,1
442097,2,1
442425,2,1
442704,2,1
443151,2,1
443552,2,1
443611,2,1
443630,2,1
443834,2,1
444171,2,1
444288,2,1
444436,2,1
445438,2,1
445812,2,1
445904,2,1
446262,2,1
446392,2,1
446495,2,1
446579,2,1
446776,2,1
446830,2,1
447204,2,1
447369,2,1
447640,2,1
447711,2,1
447887,2,1
448221,2,1
448593,2,1
448642,2,1
448889,2,1
448899,2,1
448993,2,1
449308,2,1
449389,2,1
449634,2,1
449728,2,1
449931,2,1
450283,2,1
450491,2,1
450771,2,1
450871,2,1
450994,2,1
451333,2,1
451417,2,1
451446,2,1
451804,2,1
451985,2,1
452079,2,1
452122,2,1
452212,2,1
452348,2,1
452536,2,1
452653,2,1
452695,2,1
452705,2,1
452770,2,1
452856,2,1
452925,2,1
452931,2,1
453036,2,1
453062,2,1
453072,2,1
453086,2,1
453095,2,1
453198,2,1
453221,2,1
453265,2,1
453287,2,1
453370,2,1
453454,2,1
453463,2,1
453502,2,1
453579,2,1
453644,2,1
453648,2,1
453747,2,1
453800,2,1
453888,2,1
453893,2,1
453895,2,1
453897,2,1
453931,2,1
454098,2,1
454132,2,1
454258,2,1
454311,2,1
454323,2,1
454324,2,1
454384,2,1
454390,2,1
454397,2,1
454399,2,1
454422,2,1
454423,2,1
454425,2,1
454456,2,1
454476,2,1
454536,2,1
454543,2,1
454587,2,1
454661,2,1
454676,2,1
454687,2,1
454732,2,1
454736,2,1
454753,2,1
454754,2,1
454840,2,1
454867,2,1
454868,2,1
454878,2,1
454930,2,1
454941,2,1
454947,2,1
454982,2,1
455076,2,1
455078,2,1
455114,2,1
455143,2,1
455153,2,1
455176,2,1
455232,2,1
455239,2,1
455248,2,1
455256,2,1
455287,2,1
455288,2,1
455292,2,1
455301,2,1
455303,2,1
455305,2,1
455322,2,1
455334,2,1
455335,2,1
455378,2,1
455408,2,1
455444,2,1
455454,2,1
455605,2,1
455645,2,1
1,1,0
5,1,0
6,1,0
19,1,0
28,1,0
39,1,0
209,1,0
566,1,0
659,1,0
862,1,0
875,1,0
1102,1,0
1156,1,0
1173,1,0
1258,1,0
1271,1,0
1411,1,0
1486,1,0
1522,1,0
1540,1,0
1546,1,0
1563,1,0
1567,1,0
1581,1,0
1619,1,0
1659,1,0
1661,1,0
1742,1,0
1791,1,0
1794,1,0
1907,1,0
1923,1,0
1956,1,0
2055,1,0
2159,1,0
2188,1,0
2222,1,0
2270,1,0
2290,1,0
2600,1,0
2617,1,0
2636,1,0
2688,1,0
2811,1,0
2887,1,0
2922,1,0
2984,1,0
2986,1,0
3297,1,0
3338,1,0
3402,1,0
3423,1,0
3595,1,0
3751,1,0
3817,1,0
3982,1,0
4034,1,0
4158,1,0
4162,1,0
4198,1,0
4303,1,0
4392,1,0
4422,1,0
4515,1,0
4714,1,0
4751,1,0
4871,1,0
5076,1,0
5130,1,0
5199,1,0
5221,1,0
5254,1,0
5348,1,0
5583,1,0
5717,1,0
5729,1,0
5743,1,0
5785,1,0
5827,1,0
5836,1,0
5839,1,0
5993,1,0
6051,1,0
6090,1,0
6278,1,0
6679,1,0
6808,1,0
6890,1,0
6930,1,0
7031,1,0
7175,1,0
7417,1,0
7443,1,0
7488,1,0
7548,1,0
7649,1,0
7665,1,0
7696,1,0
7900,1,0
8016,1,0
8156,1,0
8223,1,0
8594,1,0
8835,1,0
8974,1,0
9188,1,0
9703,1,0
9734,1,0
9813,1,0
9815,1,0
10353,1,0
10549,1,0
10699,1,0
11002,1,0
11070,1,0
11353,1,0
11361,1,0
11444,1,0
11459,1,0
11680,1,0
11709,1,0
11711,1,0
11937,1,0
12237,1,0
12530,1,0
12897,1,0
13282,1,0
14290,1,0
14470,1,0
14514,1,0
14887,1,0
15120,1,0
15363,1,0
15772,1,0
16257,1,0
16774,1,0
17358,1,0
17535,1,0
17562,1,0
17987,1,0
18462,1,0
18531,1,0
18688,1,0
19074,1,0
19124,1,0
19193,1,0
19389,1,0
19665,1,0
20435,1,0
22980,1,0
23292,1,0
23791,1,0
24184,1,0
24540,1,0
24924,1,0
26671,1,0
27453,1,0
28552,1,0
29545,1,0
29758,1,0
30206,1,0
31411,1,0
34121,1,0
39112,1,0
39432,1,0
39688,1,0
42325,1,0
43005,1,0
43604,1,0
43915,1,0
45585,1,0
46615,1,0
47417,1,0
50044,1,0
55068,1,0
56469,1,0
57613,1,0
58212,1,0
58456,1,0
58554,1,0
60906,1,0
62735,1,0
63561,1,0
66341,1,0
67232,1,0
71288,1,0
72623,1,0
72734,1,0
79427,1,0
79707,1,0
83266,1,0
84350,1,0
84941,1,0
89663,1,0
91392,1,0
93060,1,0
94711,1,0
95433,1,0
97683,1,0
101799,1,0
103808,1,0
104765,1,0
105128,1,0
105476,1,0
106376,1,0
107278,1,0
109066,1,0
110261,1,0
110312,1,0
114288,1,0
115019,1,0
115283,1,0
117652,1,0
117784,1,0
119430,1,0
120122,1,0
121807,1,0
124153,1,0
126406,1,0
127746,1,0
127758,1,0
128082,1,0
129101,1,0
131201,1,0
131373,1,0
132742,1,0
133531,1,0
134543,1,0
134749,1,0
135321,1,0
136313,1,0
136857,1,0
138226,1,0
138534,1,0
138881,1,0
138937,1,0
139170,1,0
139273,1,0
139592,1,0
140692,1,0
142591,1,0
143392,1,0
143505,1,0
143599,1,0
143709,1,0
143982,1,0
143992,1,0
144317,1,0
144381,1,0
144473,1,0
144498,1,0
144810,1,0
145185,1,0
145774,1,0
145793,1,0
146030,1,0
146149,1,0
146397,1,0
146399,1,0
146447,1,0
146503,1,0
146568,1,0
146760,1,0
146801,1,0
147032,1,0
147197,1,0
147618,1,0
147625,1,0
147766,1,0
147941,1,0
147993,1,0
148467,1,0
148490,1,0
148561,1,0
148652,1,0
148785,1,0
148939,1,0
149118,1,0
149213,1,0
149566,1,0
150117,1,0
150157,1,0
150301,1,0
150557,1,0
150772,1,0
151041,1,0
151271,1,0
151279,1,0
151502,1,0
151663,1,0
152422,1,0
152438,1,0
152692,1,0
152781,1,0
152896,1,0
153059,1,0
153351,1,0
153357,1,0
153509,1,0
153726,1,0
153897,1,0
153930,1,0
154100,1,0
154242,1,0
156171,1,0
156218,1,0
156306,1,0
156467,1,0
156541,1,0
156542,1,0
156680,1,0
156776,1,0
157226,1,0
157370,1,0
157502,1,0
157687,1,0
157976,1,0
158823,1,0
159105,1,0
159195,1,0
159338,1,0
159634,1,0
159975,1,0
160196,1,0
160346,1,0
160366,1,0
160493,1,0
161070,1,0
161125,1,0
161346,1,0
161426,1,0
161471,1,0
161480,1,0
161539,1,0
161640,1,0
161742,1,0
161785,1,0
162012,1,0
162032,1,0
162037,1,0
162491,1,0
162858,1,0
162998,1,0
163102,1,0
163108,1,0
163413,1,0
163436,1,0
163682,1,0
163914,1,0
164059,1,0
164904,1,0
164930,1,0
165051,1,0
165472,1,0
165801,1,0
165881,1,0
166526,1,0
167101,1,0
167169,1,0
167251,1,0
167253,1,0
167456,1,0
168785,1,0
168955,1,0
169187,1,0
169478,1,0
169524,1,0
169642,1,0
169768,1,0
169991,1,0
170278,1,0
170343,1,0
170724,1,0
170905,1,0
171006,1,0
171402,1,0
171464,1,0
171571,1,0
171705,1,0
172173,1,0
172180,1,0
172225,1,0
172289,1,0
172804,1,0
172808,1,0
172867,1,0
172887,1,0
173212,1,0
173243,1,0
173337,1,0
173342,1,0
173857,1,0
174647,1,0
175140,1,0
175156,1,0
175260,1,0
175723,1,0
175959,1,0
176212,1,0
176215,1,0
176344,1,0
177202,1,0
177359,1,0
177432,1,0
177471,1,0
177524,1,0
177554,1,0
177665,1,0
178120,1,0
178762,1,0
179127,1,0
179405,1,0
179664,1,0
179781,1,0
179785,1,0
180282,1,0
180345,1,0
180637,1,0
181618,1,0
181830,1,0
182131,1,0
182149,1,0
182248,1,0
182377,1,0
182636,1,0
183269,1,0
183318,1,0
183582,1,0
184988,1,0
185019,1,0
185766,1,0
185848,1,0
185973,1,0
185981,1,0
186913,1,0
186953,1,0
187039,1,0
187110,1,0
187355,1,0
187632,1,0
187901,1,0
188112,1,0
188136,1,0
188397,1,0
188441,1,0
188449,1,0
190596,1,0
190773,1,0
190801,1,0
190825,1,0
191091,1,0
191107,1,0
191403,1,0
191522,1,0
191879,1,0
192018,1,0
192453,1,0
192554,1,0
192890,1,0
192899,1,0
193264,1,0
193359,1,0
194950,1,0
194993,1,0
195144,1,0
195307,1,0
195443,1,0
195679,1,0
195869,1,0
196268,1,0
196728,1,0
197200,1,0
197785,1,0
198723,1,0
198890,1,0
199013,1,0
199325,1,0
199699,1,0
199772,1,0
200091,1,0
200829,1,0
201059,1,0
201066,1,0
201470,1,0
202387,1,0
203499,1,0
203780,1,0
204374,1,0
204926,1,0
205099,1,0
205122,1,0
205148,1,0
205163,1,0
205607,1,0
205631,1,0
206153,1,0
207519,1,0
207887,1,0
208428,1,0
210165,1,0
210367,1,0
210994,1,0
211418,1,0
211723,1,0
211837,1,0
211970,1,0
212597,1,0
213109,1,0
213598,1,0
214254,1,0
215160,1,0
215191,1,0
215310,1,0
216102,1,0
216187,1,0
216352,1,0
217601,1,0
217654,1,0
217990,1,0
218516,1,0
218958,1,0
221066,1,0
221417,1,0
221922,1,0
222290,1,0
223219,1,0
223701,1,0
223708,1,0
223991,1,0
224451,1,0
225103,1,0
225106,1,0
225335,1,0
225504,1,0
225771,1,0
226116,1,0
226169,1,0
226252,1,0
226603,1,0
226611,1,0
226623,1,0
226752,1,0
226865,1,0
227047,1,0
227387,1,0
227453,1,0
227603,1,0
227645,1,0
227711,1,0
227881,1,0
228081,1,0
228391,1,0
228416,1,0
228466,1,0
228826,1,0
228843,1,0
229324,1,0
229409,1,0
230440,1,0
231449,1,0
231730,1,0
232302,1,0
232451,1,0
232527,1,0
232801,1,0
233048,1,0
233162,1,0
233714,1,0
233857,1,0
233867,1,0
234161,1,0
234386,1,0
234748,1,0
235321,1,0
235548,1,0
235790,1,0
235980,1,0
236073,1,0
236081,1,0
236150,1,0
236417,1,0
236984,1,0
237135,1,0
237600,1,0
237636,1,0
238112,1,0
238128,1,0
238155,1,0
238170,1,0
238468,1,0
238494,1,0
238593,1,0
238602,1,0
238650,1,0
238821,1,0
239043,1,0
239092,1,0
239459,1,0
239545,1,0
240248,1,0
241004,1,0
241407,1,0
241456,1,0
241487,1,0
242021,1,0
243026,1,0
243042,1,0
244058,1,0
244319,1,0
244595,1,0
244690,1,0
245223,1,0
245569,1,0
245755,1,0
246062,1,0
246156,1,0
246426,1,0
246726,1,0
246828,1,0
246855,1,0
246879,1,0
247283,1,0
247618,1,0
247790,1,0
247966,1,0
248485,1,0
248835,1,0
248871,1,0
248992,1,0
249314,1,0
249318,1,0
249381,1,0
249600,1,0
250476,1,0
250924,1,0
251239,1,0
252262,1,0
252339,1,0
252538,1,0
252552,1,0
252825,1,0
253080,1,0
253156,1,0
253831,1,0
253948,1,0
254127,1,0
254249,1,0
254285,1,0
254331,1,0
254367,1,0
254378,1,0
254428,1,0
254452,1,0
254505,1,0
254527,1,0
254567,1,0
254571,1,0
254603,1,0
254676,1,0
254677,1,0
254697,1,0
254746,1,0
254845,1,0
254881,1,0
254882,1,0
254919,1,0
254935,1,0
254947,1,0
255031,1,0
255059,1,0
255149,1,0
255218,1,0
255251,1,0
255271,1,0
255341,1,0
255342,1,0
255377,1,0
255393,1,0
255409,1,0
255486,1,0
255534,1,0
255563,1,0
255827,1,0
256405,1,0
256539,1,0
256834,1,0
256838,1,0
256970,1,0
257151,1,0
257415,1,0
257532,1,0
257560,1,0
257729,1,0
257828,1,0
258046,1,0
258141,1,0
258279,1,0
258301,1,0
258373,1,0
258495,1,0
258561,1,0
258581,1,0
258710,1,0
258722,1,0
258784,1,0
258818,1,0
258908,1,0
258970,1,0
259054,1,0
259283,1,0
259308,1,0
259316,1,0
259393,1,0
259533,1,0
259684,1,0
259905,1,0
259952,1,0
260173,1,0
260329,1,0
260549,1,0
260702,1,0
260809,1,0
260815,1,0
260861,1,0
260915,1,0
260929,1,0
261019,1,0
261367,1,0
261417,1,0
261446,1,0
261567,1,0
261644,1,0
261647,1,0
261658,1,0
261681,1,0
261692,1,0
261817,1,0
261820,1,0
262073,1,0
262246,1,0
262569,1,0
262778,1,0
262814,1,0
262999,1,0
263162,1,0
263204,1,0
263321,1,0
263456,1,0
263496,1,0
263672,1,0
263759,1,0
263825,1,0
263886,1,0
264012,1,0
264081,1,0
264130,1,0
264131,1,0
264158,1,0
264306,1,0
264447,1,0
264684,1,0
264723,1,0
264845,1,0
265076,1,0
265092,1,0
265120,1,0
265218,1,0
265260,1,0
265302,1,0
265337,1,0
265363,1,0
265449,1,0
265462,1,0
265489,1,0
265762,1,0
265825,1,0
266003,1,0
266012,1,0
266014,1,0
266057,1,0
266412,1,0
266548,1,0
266743,1,0
267195,1,0
267488,1,0
267686,1,0
267878,1,0
267898,1,0
267959,1,0
268053,1,0
268178,1,0
268262,1,0
268326,1,0
268353,1,0
268366,1,0
268373,1,0
268374,1,0
268389,1,0
268465,1,0
268510,1,0
268553,1,0
268643,1,0
268714,1,0
268715,1,0
268765,1,0
268792,1,0
268897,1,0
268962,1,0
269016,1,0
269027,1,0
269054,1,0
269178,1,0
269289,1,0
269323,1,0
269336,1,0
269418,1,0
269518,1,0
269534,1,0
269697,1,0
269847,1,0
269990,1,0
270095,1,0
270188,1,0
270216,1,0
270339,1,0
270616,1,0
270674,1,0
270877,1,0
270928,1,0
271114,1,0
271125,1,0
271192,1,0
271286,1,0
271326,1,0
271371,1,0
271508,1,0
271603,1,0
271648,1,0
271752,1,0
271764,1,0
271903,1,0
271931,1,0
272013,1,0
272050,1,0
272058,1,0
272098,1,0
272261,1,0
272283,1,0
272388,1,0
272830,1,0
272838,1,0
272861,1,0
272905,1,0
272998,1,0
273214,1,0
273256,1,0
273300,1,0
273323,1,0
273351,1,0
273375,1,0
273499,1,0
273687,1,0
273784,1,0
273799,1,0
273936,1,0
273992,1,0
274035,1,0
274273,1,0
274308,1,0
274354,1,0
274552,1,0
274564,1,0
274652,1,0
274662,1,0
274699,1,0
275126,1,0
275158,1,0
275246,1,0
275253,1,0
275291,1,0
275302,1,0
275442,1,0
275461,1,0
275505,1,0
275518,1,0
275529,1,0
275552,1,0
275566,1,0
275589,1,0
275637,1,0
275644,1,0
275655,1,0
275757,1,0
275786,1,0
275838,1,0
276095,1,0
276294,1,0
276364,1,0
276531,1,0
276788,1,0
277026,1,0
277489,1,0
277499,1,0
277524,1,0
277609,1,0
277679,1,0
277724,1,0
277812,1,0
277845,1,0
277861,1,0
277886,1,0
278080,1,0
278091,1,0
278108,1,0
278203,1,0
278226,1,0
278280,1,0
278421,1,0
278455,1,0
278611,1,0
278789,1,0
278906,1,0
278940,1,0
278972,1,0
278978,1,0
279062,1,0
279126,1,0
279178,1,0
279200,1,0
279228,1,0
279352,1,0
279409,1,0
279413,1,0
279464,1,0
279488,1,0
279595,1,0
279778,1,0
280000,1,0
280019,1,0
280233,1,0
280249,1,0
280372,1,0
280545,1,0
280662,1,0
280757,1,0
280797,1,0
280895,1,0
280908,1,0
280953,1,0
281034,1,0
281216,1,0
281315,1,0
281339,1,0
281460,1,0
281477,1,0
281551,1,0
281576,1,0
281671,1,0
281695,1,0
281733,1,0
281796,1,0
281832,1,0
281885,1,0
282010,1,0
282015,1,0
282102,1,0
282136,1,0
282159,1,0
282161,1,0
282221,1,0
282286,1,0
282291,1,0
282330,1,0
282371,1,0
282373,1,0
282491,1,0
282553,1,0
282575,1,0
282626,1,0
282643,1,0
282668,1,0
282679,1,0
282687,1,0
282726,1,0
282741,1,0
282776,1,0
282783,1,0
282818,1,0
282829,1,0
282854,1,0
282910,1,0
282937,1,0
282998,1,0
282999,1,0
283059,1,0
283073,1,0
283080,1,0
283115,1,0
283123,1,0
283130,1,0
283300,1,0
283452,1,0
283509,1,0
283576,1,0
283660,1,0
283720,1,0
283745,1,0
283754,1,0
283807,1,0
283839,1,0
283840,1,0
283861,1,0
283887,1,0
283939,1,0
284015,1,0
284141,1,0
284180,1,0
284211,1,0
284241,1,0
284379,1,0
284452,1,0
284513,1,0
284530,1,0
284531,1,0
284626,1,0
284779,1,0
284858,1,0
284861,1,0
285006,1,0
285049,1,0
285104,1,0
285140,1,0
285293,1,0
285524,1,0
285739,1,0
285790,1,0
285804,1,0
285809,1,0
285813,1,0
285887,1,0
285917,1,0
286440,1,0
286456,1,0
286692,1,0
286739,1,0
286753,1,0
286799,1,0
287020,1,0
287155,1,0
287203,1,0
287430,1,0
287434,1,0
287436,1,0
287453,1,0
287562,1,0
287604,1,0
287632,1,0
287868,1,0
288070,1,0
288088,1,0
288212,1,0
288220,1,0
288224,1,0
288239,1,0
288325,1,0
288367,1,0
288442,1,0
288533,1,0
288558,1,0
288621,1,0
288741,1,0
288754,1,0
288809,1,0
288870,1,0
288884,1,0
289049,1,0
289111,1,0
289132,1,0
289297,1,0
289375,1,0
289379,1,0
289535,1,0
289723,1,0
289769,1,0
289805,1,0
289869,1,0
289977,1,0
290015,1,0
290148,1,0
290282,1,0
290458,1,0
290502,1,0
290504,1,0
290554,1,0
290619,1,0
290660,1,0
290695,1,0
290703,1,0
290819,1,0
290843,1,0
290871,1,0
290915,1,0
290920,1,0
290923,1,0
290945,1,0
290984,1,0
290991,1,0
291011,1,0
291024,1,0
291041,1,0
291166,1,0
291239,1,0
291382,1,0
291400,1,0
291425,1,0
291445,1,0
291552,1,0
291598,1,0
291624,1,0
291627,1,0
291628,1,0
291632,1,0
291637,1,0
291638,1,0
291651,1,0
291655,1,0
291660,1,0
291662,1,0
291663,1,0
291668,1,0
291670,1,0
291675,1,0
291682,1,0
291689,1,0
291698,1,0
291699,1,0
291723,1,0
291730,1,0
291779,1,0
291804,1,0
291824,1,0
291836,1,0
291844,1,0
291854,1,0
291855,1,0
291860,1,0
291873,1,0
291887,1,0
291889,1,0
291905,1,0
291910,1,0
291914,1,0
291946,1,0
291981,1,0
292001,1,0
292022,1,0
292075,1,0
292077,1,0
292113,1,0
292129,1,0
292181,1,0
292328,1,0
292385,1,0
292413,1,0
292420,1,0
292499,1,0
292502,1,0
292510,1,0
292604,1,0
292623,1,0
292629,1,0
292689,1,0
292691,1,0
292811,1,0
292818,1,0
292901,1,0
292926,1,0
292934,1,0
292939,1,0
293126,1,0
293132,1,0
293186,1,0
293216,1,0
293294,1,0
293300,1,0
293345,1,0
293356,1,0
293375,1,0
293379,1,0
293386,1,0
293397,1,0
293403,1,0
293504,1,0
293557,1,0
293639,1,0
293673,1,0
293805,1,0
293829,1,0
293859,1,0
293894,1,0
293898,1,0
293905,1,0
293940,1,0
293947,1,0
293955,1,0
294022,1,0
294033,1,0
294037,1,0
294061,1,0
294112,1,0
294205,1,0
294236,1,0
294271,1,0
294295,1,0
294358,1,0
294387,1,0
294498,1,0
294507,1,0
294540,1,0
294552,1,0
294561,1,0
294620,1,0
294622,1,0
294676,1,0
294694,1,0
294741,1,0
294773,1,0
294792,1,0
294800,1,0
294815,1,0
294836,1,0
294859,1,0
294934,1,0
294936,1,0
294949,1,0
294956,1,0
294979,1,0
295010,1,0
295028,1,0
295060,1,0
295098,1,0
295139,1,0
295214,1,0
295284,1,0
295387,1,0
295411,1,0
295419,1,0
295425,1,0
295467,1,0
295513,1,0
295560,1,0
295578,1,0
295592,1,0
295609,1,0
295804,1,0
295817,1,0
295881,1,0
295929,1,0
295933,1,0
295972,1,0
296034,1,0
296101,1,0
296102,1,0
296119,1,0
296129,1,0
296160,1,0
296230,1,0
296254,1,0
296324,1,0
296396,1,0
296431,1,0
296488,1,0
296546,1,0
296644,1,0
296653,1,0
296719,1,0
296781,1,0
296782,1,0
296810,1,0
296817,1,0
296914,1,0
296956,1,0
296965,1,0
296970,1,0
296993,1,0
297003,1,0
297022,1,0
297039,1,0
297287,1,0
297420,1,0
297494,1,0
297506,1,0
297517,1,0
297528,1,0
297572,1,0
297581,1,0
297592,1,0
297619,1,0
297641,1,0
297859,1,0
297959,1,0
298004,1,0
298011,1,0
298024,1,0
298175,1,0
298222,1,0
298234,1,0
298307,1,0
298401,1,0
298424,1,0
298438,1,0
298530,1,0
298626,1,0
298685,1,0
298729,1,0
298834,1,0
298948,1,0
299099,1,0
299212,1,0
299250,1,0
299264,1,0
299328,1,0
299337,1,0
299359,1,0
299397,1,0
299435,1,0
299448,1,0
299562,1,0
299665,1,0
299693,1,0
299700,1,0
299833,1,0
299854,1,0
299944,1,0
300034,1,0
300087,1,0
300107,1,0
300116,1,0
300271,1,0
300274,1,0
300277,1,0
300322,1,0
300340,1,0
300398,1,0
300406,1,0
300533,1,0
300574,1,0
300687,1,0
300719,1,0
300902,1,0
300911,1,0
300929,1,0
300936,1,0
300986,1,0
301040,1,0
301071,1,0
301087,1,0
301379,1,0
301425,1,0
301467,1,0
301492,1,0
301518,1,0
301563,1,0
301639,1,0
301770,1,0
301785,1,0
301987,1,0
302002,1,0
302128,1,0
302133,1,0
302288,1,0
302367,1,0
302378,1,0
302381,1,0
302501,1,0
302524,1,0
302643,1,0
302799,1,0
302854,1,0
302964,1,0
303002,1,0
303016,1,0
303081,1,0
303178,1,0
303191,1,0
303215,1,0
303279,1,0
303336,1,0
303349,1,0
303358,1,0
303468,1,0
303497,1,0
303503,1,0
303542,1,0
303572,1,0
303702,1,0
303738,1,0
303819,1,0
303870,1,0
303924,1,0
303937,1,0
303940,1,0
304015,1,0
304050,1,0
304196,1,0
304222,1,0
304237,1,0
304346,1,0
304509,1,0
304542,1,0
304631,1,0
304704,1,0
304732,1,0
304775,1,0
304851,1,0
304960,1,0
305169,1,0
305290,1,0
305312,1,0
305716,1,0
305717,1,0
305751,1,0
305767,1,0
305866,1,0
305926,1,0
306099,1,0
306164,1,0
306214,1,0
306353,1,0
306472,1,0
306504,1,0
306595,1,0
306739,1,0
306743,1,0
306778,1,0
306987,1,0
306988,1,0
307004,1,0
307015,1,0
307027,1,0
307037,1,0
307089,1,0
307125,1,0
307234,1,0
307262,1,0
307269,1,0
307313,1,0
307475,1,0
307507,1,0
307829,1,0
307860,1,0
308016,1,0
308039,1,0
308098,1,0
308138,1,0
308208,1,0
308311,1,0
308457,1,0
308642,1,0
308671,1,0
308736,1,0
308745,1,0
308778,1,0
308829,1,0
308840,1,0
308860,1,0
308905,1,0
308994,1,0
309023,1,0
309071,1,0
309079,1,0
309102,1,0
309232,1,0
309296,1,0
309320,1,0
309433,1,0
309435,1,0
309451,1,0
309469,1,0
309572,1,0
309625,1,0
309637,1,0
309660,1,0
309880,1,0
309943,1,0
310003,1,0
310238,1,0
310366,1,0
310383,1,0
310397,1,0
310593,1,0
310778,1,0
310793,1,0
310808,1,0
310890,1,0
310933,1,0
310953,1,0
311019,1,0
311148,1,0
311241,1,0
311249,1,0
311255,1,0
311267,1,0
311299,1,0
311320,1,0
311413,1,0
311560,1,0
311631,1,0
311718,1,0
311742,1,0
311754,1,0
311764,1,0
311800,1,0
311823,1,0
311830,1,0
312090,1,0
312105,1,0
312163,1,0
312180,1,0
312191,1,0
312267,1,0
312274,1,0
312445,1,0
312457,1,0
312475,1,0
312553,1,0
312609,1,0
312619,1,0
312663,1,0
312768,1,0
312782,1,0
312849,1,0
312967,1,0
313048,1,0
313057,1,0
313084,1,0
313085,1,0
313102,1,0
313260,1,0
313272,1,0
313391,1,0
313428,1,0
313638,1,0
313642,1,0
313674,1,0
313717,1,0
313732,1,0
313831,1,0
313900,1,0
313907,1,0
313990,1,0
314053,1,0
314064,1,0
314112,1,0
314119,1,0
314144,1,0
314147,1,0
314245,1,0
314305,1,0
314415,1,0
314418,1,0
314434,1,0
314459,1,0
314539,1,0
314564,1,0
314587,1,0
314628,1,0
314733,1,0
314796,1,0
314909,1,0
315056,1,0
315078,1,0
315184,1,0
315235,1,0
315311,1,0
315414,1,0
315583,1,0
315704,1,0
315770,1,0
315970,1,0
316259,1,0
316273,1,0
316428,1,0
316456,1,0
316544,1,0
316563,1,0
316628,1,0
316962,1,0
317008,1,0
317062,1,0
317115,1,0
317161,1,0
317234,1,0
317253,1,0
317286,1,0
317419,1,0
317450,1,0
317533,1,0
317568,1,0
317593,1,0
317604,1,0
317644,1,0
317748,1,0
317811,1,0
317966,1,0
318177,1,0
318260,1,0
318412,1,0
318431,1,0
318534,1,0
318642,1,0
318691,1,0
318772,1,0
318841,1,0
318855,1,0
318884,1,0
319091,1,0
319252,1,0
319254,1,0
319279,1,0
319280,1,0
319381,1,0
319401,1,0
319402,1,0
319448,1,0
319564,1,0
319627,1,0
319759,1,0
319894,1,0
319947,1,0
320074,1,0
320204,1,0
320283,1,0
320429,1,0
320574,1,0
320578,1,0
320651,1,0
320820,1,0
320978,1,0
321115,1,0
321287,1,0
321391,1,0
321414,1,0
321539,1,0
321582,1,0
321719,1,0
321776,1,0
321796,1,0
321891,1,0
322196,1,0
322418,1,0
322426,1,0
322481,1,0
322547,1,0
322768,1,0
322776,1,0
322830,1,0
323046,1,0
323156,1,0
323210,1,0
323297,1,0
323341,1,0
323431,1,0
323439,1,0
323476,1,0
323478,1,0
323570,1,0
323631,1,0
323634,1,0
323673,1,0
323693,1,0
323763,1,0
323927,1,0
324109,1,0
324160,1,0
324286,1,0
324335,1,0
324343,1,0
324390,1,0
324397,1,0
324412,1,0
324449,1,0
324480,1,0
324484,1,0
324573,1,0
324581,1,0
324784,1,0
324829,1,0
324876,1,0
324903,1,0
325038,1,0
325105,1,0
325133,1,0
325136,1,0
325221,1,0
325222,1,0
325250,1,0
325275,1,0
325492,1,0
325856,1,0
326046,1,0
326082,1,0
326083,1,0
326126,1,0
326190,1,0
326217,1,0
326231,1,0
326516,1,0
326556,1,0
326576,1,0
326808,1,0
326831,1,0
327020,1,0
327189,1,0
327270,1,0
327697,1,0
327787,1,0
327935,1,0
327943,1,0
327987,1,0
328020,1,0
328218,1,0
328305,1,0
328429,1,0
328549,1,0
328566,1,0
328607,1,0
328836,1,0
328853,1,0
328958,1,0
329046,1,0
329150,1,0
329281,1,0
329309,1,0
329360,1,0
329366,1,0
329717,1,0
329771,1,0
329880,1,0
329890,1,0
329909,1,0
329934,1,0
329984,1,0
330045,1,0
330058,1,0
330137,1,0
330150,1,0
330170,1,0
330251,1,0
330261,1,0
330284,1,0
330304,1,0
330530,1,0
330757,1,0
330782,1,0
330862,1,0
331120,1,0
331267,1,0
331271,1,0
331341,1,0
331389,1,0
331394,1,0
331468,1,0
331506,1,0
331608,1,0
331693,1,0
331694,1,0
331821,1,0
331906,1,0
331922,1,0
331925,1,0
331968,1,0
331985,1,0
332244,1,0
332256,1,0
332284,1,0
332318,1,0
332348,1,0
332384,1,0
332489,1,0
332499,1,0
332505,1,0
332585,1,0
332637,1,0
332647,1,0
332695,1,0
332741,1,0
332878,1,0
332880,1,0
332996,1,0
333064,1,0
333104,1,0
333153,1,0
333415,1,0
333488,1,0
333565,1,0
333572,1,0
333649,1,0
333694,1,0
333705,1,0
333799,1,0
333828,1,0
333853,1,0
333870,1,0
333875,1,0
334125,1,0
334131,1,0
334315,1,0
334367,1,0
334392,1,0
334631,1,0
334839,1,0
334846,1,0
334910,1,0
334919,1,0
334935,1,0
334946,1,0
334977,1,0
334981,1,0
335199,1,0
335626,1,0
335661,1,0
335998,1,0
336154,1,0
336176,1,0
336191,1,0
336297,1,0
336344,1,0
336370,1,0
336456,1,0
336470,1,0
336789,1,0
336940,1,0
337031,1,0
337081,1,0
337111,1,0
337139,1,0
337191,1,0
337293,1,0
337297,1,0
337349,1,0
337582,1,0
337596,1,0
337692,1,0
337700,1,0
337818,1,0
337873,1,0
337925,1,0
337985,1,0
338001,1,0
338084,1,0
338128,1,0
338140,1,0
338176,1,0
338346,1,0
338406,1,0
338556,1,0
338610,1,0
338613,1,0
338620,1,0
338629,1,0
338653,1,0
338719,1,0
338750,1,0
338771,1,0
338825,1,0
338986,1,0
338997,1,0
339048,1,0
339060,1,0
339178,1,0
339245,1,0
339385,1,0
339431,1,0
339457,1,0
339592,1,0
339675,1,0
339721,1,0
339848,1,0
339893,1,0
339940,1,0
339966,1,0
340123,1,0
340426,1,0
340474,1,0
340510,1,0
340546,1,0
340547,1,0
340753,1,0
340927,1,0
340989,1,0
341055,1,0
341062,1,0
341067,1,0
341171,1,0
341189,1,0
341270,1,0
341362,1,0
341405,1,0
341409,1,0
341412,1,0
341481,1,0
341710,1,0
341732,1,0
341764,1,0
342056,1,0
342249,1,0
342393,1,0
342418,1,0
342475,1,0
342516,1,0
342611,1,0
342738,1,0
342793,1,0
342896,1,0
343058,1,0
343094,1,0
343143,1,0
343226,1,0
343243,1,0
343278,1,0
343457,1,0
343463,1,0
343540,1,0
343602,1,0
343603,1,0
343661,1,0
343809,1,0
343910,1,0
344012,1,0
344042,1,0
344047,1,0
344230,1,0
344297,1,0
344312,1,0
344320,1,0
344440,1,0
344511,1,0
344555,1,0
344751,1,0
344792,1,0
344831,1,0
344914,1,0
344949,1,0
344993,1,0
345101,1,0
345134,1,0
345135,1,0
345151,1,0
345206,1,0
345236,1,0
345244,1,0
345247,1,0
345284,1,0
345288,1,0
345305,1,0
345306,1,0
345396,1,0
345487,1,0
345508,1,0
345541,1,0
345571,1,0
345648,1,0
345726,1,0
345730,1,0
345779,1,0
345798,1,0
345804,1,0
345821,1,0
345949,1,0
345967,1,0
345997,1,0
346035,1,0
346060,1,0
346197,1,0
346436,1,0
346475,1,0
346582,1,0
346597,1,0
346610,1,0
346702,1,0
346762,1,0
346767,1,0
346806,1,0
346860,1,0
346902,1,0
346949,1,0
347021,1,0
347030,1,0
347042,1,0
347074,1,0
347121,1,0
347184,1,0
347239,1,0
347303,1,0
347314,1,0
347352,1,0
347473,1,0
347555,1,0
347610,1,0
347770,1,0
347810,1,0
347822,1,0
347898,1,0
347901,1,0
347918,1,0
348057,1,0
348129,1,0
348195,1,0
348224,1,0
348238,1,0
348286,1,0
348359,1,0
348372,1,0
348429,1,0
348528,1,0
348550,1,0
348615,1,0
348681,1,0
348742,1,0
348790,1,0
348858,1,0
348989,1,0
349090,1,0
349093,1,0
349168,1,0
349203,1,0
349213,1,0
349228,1,0
349246,1,0
349262,1,0
349443,1,0
349523,1,0
349712,1,0
349886,1,0
349901,1,0
349996,1,0
350118,1,0
350147,1,0
350202,1,0
350237,1,0
350318,1,0
350388,1,0
350487,1,0
350517,1,0
350524,1,0
350549,1,0
350577,1,0
350721,1,0
350891,1,0
350998,1,0
351048,1,0
351307,1,0
351344,1,0
351362,1,0
351364,1,0
351513,1,0
351537,1,0
351567,1,0
351584,1,0
351656,1,0
351678,1,0
351691,1,0
351692,1,0
351748,1,0
351934,1,0
351937,1,0
352057,1,0
352062,1,0
352167,1,0
352206,1,0
352216,1,0
352235,1,0
352306,1,0
352603,1,0
352902,1,0
352921,1,0
353092,1,0
353141,1,0
353143,1,0
353151,1,0
353325,1,0
353361,1,0
353440,1,0
353495,1,0
353669,1,0
353681,1,0
353806,1,0
353820,1,0
353987,1,0
354007,1,0
354017,1,0
354063,1,0
354101,1,0
354138,1,0
354147,1,0
354175,1,0
354201,1,0
354279,1,0
354314,1,0
354417,1,0
354435,1,0
354683,1,0
354837,1,0
354910,1,0
354916,1,0
354948,1,0
355001,1,0
355038,1,0
355087,1,0
355115,1,0
355129,1,0
355170,1,0
355269,1,0
355277,1,0
355358,1,0
355362,1,0
355428,1,0
355472,1,0
355474,1,0
355488,1,0
355540,1,0
355553,1,0
355619,1,0
355626,1,0
355637,1,0
355649,1,0
355711,1,0
355720,1,0
355737,1,0
355775,1,0
355808,1,0
355881,1,0
356041,1,0
356042,1,0
356058,1,0
356100,1,0
356110,1,0
356158,1,0
356572,1,0
356843,1,0
356848,1,0
356852,1,0
357139,1,0
357201,1,0
357248,1,0
357550,1,0
357582,1,0
357615,1,0
357681,1,0
357718,1,0
357748,1,0
357755,1,0
357772,1,0
357995,1,0
358190,1,0
358210,1,0
358362,1,0
358440,1,0
358553,1,0
358569,1,0
358666,1,0
358869,1,0
359001,1,0
359022,1,0
359201,1,0
359351,1,0
359503,1,0
359602,1,0
359670,1,0
359762,1,0
359763,1,0
360124,1,0
360184,1,0
360203,1,0
360222,1,0
360320,1,0
360481,1,0
360608,1,0
360625,1,0
360770,1,0
360808,1,0
360843,1,0
360882,1,0
360909,1,0
360914,1,0
360941,1,0
360972,1,0
361057,1,0
361087,1,0
361114,1,0
361265,1,0
361345,1,0
361370,1,0
361547,1,0
361555,1,0
361609,1,0
361901,1,0
361956,1,0
361962,1,0
362168,1,0
362182,1,0
362191,1,0
362204,1,0
362278,1,0
362375,1,0
362394,1,0
362503,1,0
362726,1,0
362727,1,0
362775,1,0
362887,1,0
362950,1,0
363021,1,0
363025,1,0
363080,1,0
363409,1,0
363569,1,0
363587,1,0
363592,1,0
363640,1,0
363648,1,0
363714,1,0
364048,1,0
364237,1,0
364262,1,0
364294,1,0
364336,1,0
364373,1,0
364589,1,0
364667,1,0
364689,1,0
364722,1,0
364916,1,0
365132,1,0
365186,1,0
365347,1,0
365473,1,0
365502,1,0
365568,1,0
365666,1,0
365730,1,0
365886,1,0
366151,1,0
366425,1,0
366483,1,0
366505,1,0
366509,1,0
366514,1,0
366640,1,0
366669,1,0
366810,1,0
367135,1,0
367222,1,0
367265,1,0
367285,1,0
367415,1,0
367890,1,0
368006,1,0
368020,1,0
368049,1,0
368122,1,0
368203,1,0
368220,1,0
368380,1,0
368421,1,0
368524,1,0
368530,1,0
368688,1,0
368706,1,0
368718,1,0
368898,1,0
368945,1,0
369046,1,0
369257,1,0
369674,1,0
369681,1,0
369789,1,0
369899,1,0
370022,1,0
370089,1,0
370157,1,0
370229,1,0
370260,1,0
370369,1,0
370384,1,0
370397,1,0
370462,1,0
370464,1,0
370715,1,0
370761,1,0
370997,1,0
371055,1,0
371149,1,0
371236,1,0
371290,1,0
371342,1,0
371357,1,0
371404,1,0
371475,1,0
371516,1,0
371586,1,0
371634,1,0
371693,1,0
371735,1,0
371779,1,0
371838,1,0
372049,1,0
372085,1,0
372102,1,0
372298,1,0
372417,1,0
372485,1,0
372494,1,0
372501,1,0
372688,1,0
372922,1,0
373058,1,0
373221,1,0
373357,1,0
373558,1,0
373649,1,0
373666,1,0
373821,1,0
373872,1,0
373885,1,0
373963,1,0
373977,1,0
374176,1,0
374245,1,0
374301,1,0
374459,1,0
374544,1,0
374553,1,0
374810,1,0
375082,1,0
375203,1,0
375281,1,0
375385,1,0
375567,1,0
375677,1,0
375712,1,0
375730,1,0
375803,1,0
375871,1,0
376388,1,0
376476,1,0
376556,1,0
376597,1,0
376670,1,0
376706,1,0
377273,1,0
377279,1,0
377286,1,0
377304,1,0
377514,1,0
377535,1,0
377559,1,0
377834,1,0
378114,1,0
378204,1,0
378205,1,0
378586,1,0
378780,1,0
379103,1,0
379287,1,0
379428,1,0
379533,1,0
379770,1,0
379969,1,0
380559,1,0
380656,1,0
380701,1,0
381001,1,0
381196,1,0
381265,1,0
381394,1,0
381700,1,0
381837,1,0
381965,1,0
382118,1,0
382388,1,0
382414,1,0
382465,1,0
382503,1,0
382524,1,0
382724,1,0
382810,1,0
382812,1,0
382816,1,0
383066,1,0
383114,1,0
383224,1,0
383386,1,0
383415,1,0
383470,1,0
383731,1,0
383780,1,0
384125,1,0
384247,1,0
384359,1,0
385176,1,0
385194,1,0
385246,1,0
385506,1,0
385519,1,0
385600,1,0
385647,1,0
385741,1,0
385962,1,0
386059,1,0
386132,1,0
386296,1,0
386358,1,0
386389,1,0
386445,1,0
386463,1,0
386890,1,0
387345,1,0
387581,1,0
387652,1,0
387680,1,0
387930,1,0
388161,1,0
388282,1,0
388407,1,0
388475,1,0
388506,1,0
388547,1,0
388781,1,0
388862,1,0
388916,1,0
388948,1,0
388999,1,0
389317,1,0
389473,1,0
389481,1,0
389493,1,0
389535,1,0
389650,1,0
389692,1,0
389811,1,0
390293,1,0
390592,1,0
390994,1,0
391056,1,0
391109,1,0
391166,1,0
391266,1,0
391389,1,0
391436,1,0
391903,1,0
392015,1,0
392200,1,0
392224,1,0
392285,1,0
392292,1,0
392311,1,0
392358,1,0
392381,1,0
392551,1,0
392562,1,0
392630,1,0
392650,1,0
392752,1,0
392759,1,0
392875,1,0
392902,1,0
392960,1,0
393043,1,0
393075,1,0
393468,1,0
393554,1,0
393618,1,0
393639,1,0
393733,1,0
393753,1,0
393874,1,0
393904,1,0
393905,1,0
393909,1,0
393912,1,0
393985,1,0
394026,1,0
394061,1,0
394077,1,0
394199,1,0
394291,1,0
394294,1,0
394425,1,0
394428,1,0
394492,1,0
394589,1,0
394628,1,0
394868,1,0
395104,1,0
395105,1,0
395120,1,0
395198,1,0
395206,1,0
395405,1,0
395410,1,0
395541,1,0
395578,1,0
395628,1,0
395790,1,0
395839,1,0
395845,1,0
395904,1,0
395915,1,0
396108,1,0
396152,1,0
396251,1,0
396296,1,0
396305,1,0
396459,1,0
396480,1,0
396566,1,0
396628,1,0
396678,1,0
396695,1,0
396726,1,0
396917,1,0
396972,1,0
397054,1,0
397058,1,0
397194,1,0
397217,1,0
397327,1,0
397348,1,0
397408,1,0
397469,1,0
397488,1,0
397540,1,0
397778,1,0
397810,1,0
397922,1,0
398047,1,0
398080,1,0
398333,1,0
398417,1,0
398733,1,0
398760,1,0
398783,1,0
398805,1,0
398827,1,0
398835,1,0
399089,1,0
399399,1,0
399422,1,0
399445,1,0
399677,1,0
399793,1,0
399815,1,0
400229,1,0
400241,1,0
400281,1,0
400466,1,0
400649,1,0
400816,1,0
400848,1,0
400892,1,0
400949,1,0
401080,1,0
401114,1,0
401162,1,0
401277,1,0
401283,1,0
401357,1,0
401400,1,0
401412,1,0
401421,1,0
401454,1,0
401599,1,0
401649,1,0
401664,1,0
401712,1,0
401726,1,0
401774,1,0
401811,1,0
401885,1,0
401887,1,0
401956,1,0
402036,1,0
402266,1,0
402513,1,0
402605,1,0
402617,1,0
402722,1,0
402842,1,0
402933,1,0
403012,1,0
403139,1,0
403264,1,0
403311,1,0
403363,1,0
403432,1,0
403611,1,0
403662,1,0
403690,1,0
403718,1,0
403904,1,0
404054,1,0
404074,1,0
404191,1,0
404193,1,0
404356,1,0
404365,1,0
404424,1,0
404537,1,0
404590,1,0
404616,1,0
404642,1,0
404690,1,0
404729,1,0
404935,1,0
405018,1,0
405271,1,0
405422,1,0
405446,1,0
405784,1,0
405911,1,0
405950,1,0
405989,1,0
406014,1,0
406071,1,0
406148,1,0
406201,1,0
406422,1,0
406616,1,0
406770,1,0
406867,1,0
406906,1,0
406976,1,0
406979,1,0
407104,1,0
407145,1,0
407166,1,0
407180,1,0
407217,1,0
407256,1,0
407281,1,0
407383,1,0
407428,1,0
407524,1,0
407681,1,0
407841,1,0
408045,1,0
408052,1,0
408062,1,0
408127,1,0
408235,1,0
408249,1,0
408283,1,0
408288,1,0
408364,1,0
408566,1,0
408718,1,0
408735,1,0
408838,1,0
409058,1,0
409062,1,0
409159,1,0
409337,1,0
409368,1,0
409377,1,0
409437,1,0
409459,1,0
409539,1,0
409747,1,0
409967,1,0
409983,1,0
410158,1,0
410229,1,0
410266,1,0
410272,1,0
410300,1,0
410333,1,0
410351,1,0
410352,1,0
410422,1,0
410432,1,0
410479,1,0
410516,1,0
410538,1,0
410630,1,0
410642,1,0
410697,1,0
410736,1,0
410811,1,0
410827,1,0
410867,1,0
410929,1,0
411006,1,0
411080,1,0
411337,1,0
411339,1,0
411385,1,0
411392,1,0
411401,1,0
411553,1,0
411765,1,0
411785,1,0
411796,1,0
411800,1,0
411855,1,0
411949,1,0
412025,1,0
412145,1,0
412158,1,0
412165,1,0
412177,1,0
412186,1,0
412190,1,0
412225,1,0
412294,1,0
412353,1,0
412431,1,0
412492,1,0
412571,1,0
412594,1,0
412708,1,0
412762,1,0
412764,1,0
412900,1,0
413016,1,0
413038,1,0
413071,1,0
413150,1,0
413151,1,0
413184,1,0
413353,1,0
413388,1,0
413397,1,0
413444,1,0
413473,1,0
413498,1,0
413618,1,0
413749,1,0
413775,1,0
413781,1,0
413818,1,0
413825,1,0
413852,1,0
413867,1,0
413885,1,0
413912,1,0
414007,1,0
414208,1,0
414421,1,0
414439,1,0
414497,1,0
414533,1,0
414608,1,0
414670,1,0
414733,1,0
414736,1,0
414782,1,0
414818,1,0
414872,1,0
414960,1,0
415082,1,0
415162,1,0
415181,1,0
415203,1,0
415205,1,0
415214,1,0
415451,1,0
415534,1,0
415563,1,0
415581,1,0
415614,1,0
415669,1,0
415690,1,0
415770,1,0
415857,1,0
415887,1,0
415888,1,0
415911,1,0
415979,1,0
416093,1,0
416180,1,0
416214,1,0
416434,1,0
416494,1,0
416534,1,0
416640,1,0
416685,1,0
416761,1,0
416843,1,0
417061,1,0
417062,1,0
417092,1,0
417120,1,0
417213,1,0
417291,1,0
417339,1,0
417346,1,0
417476,1,0
417507,1,0
417522,1,0
417529,1,0
417605,1,0
417812,1,0
417926,1,0
417969,1,0
418006,1,0
418024,1,0
418188,1,0
418231,1,0
418261,1,0
418276,1,0
418316,1,0
418502,1,0
418557,1,0
418614,1,0
418712,1,0
418721,1,0
418750,1,0
418889,1,0
419015,1,0
419030,1,0
419123,1,0
419159,1,0
419168,1,0
419216,1,0
419255,1,0
419317,1,0
419526,1,0
419584,1,0
419664,1,0
419798,1,0
419816,1,0
419839,1,0
420007,1,0
420129,1,0
420155,1,0
420285,1,0
420295,1,0
420342,1,0
420486,1,0
420501,1,0
420591,1,0
420635,1,0
420678,1,0
420713,1,0
420798,1,0
420800,1,0
420807,1,0
420828,1,0
420843,1,0
420846,1,0
420858,1,0
420925,1,0
420948,1,0
420968,1,0
420988,1,0
421192,1,0
421307,1,0
421331,1,0
421355,1,0
421439,1,0
421578,1,0
421641,1,0
421774,1,0
421866,1,0
421922,1,0
421951,1,0
421952,1,0
422116,1,0
422133,1,0
422155,1,0
422219,1,0
422224,1,0
422382,1,0
422494,1,0
422542,1,0
422637,1,0
422658,1,0
422702,1,0
422709,1,0
422777,1,0
422851,1,0
422883,1,0
422936,1,0
423006,1,0
423055,1,0
423088,1,0
423134,1,0
423226,1,0
423275,1,0
423309,1,0
423326,1,0
423468,1,0
423485,1,0
423520,1,0
423600,1,0
423693,1,0
423752,1,0
423817,1,0
423925,1,0
424025,1,0
424071,1,0
424112,1,0
424121,1,0
424157,1,0
424210,1,0
424287,1,0
424306,1,0
424362,1,0
424371,1,0
424407,1,0
424442,1,0
424570,1,0
424650,1,0
424654,1,0
424684,1,0
424723,1,0
424865,1,0
424974,1,0
425063,1,0
425108,1,0
425200,1,0
425206,1,0
425327,1,0
425599,1,0
425678,1,0
425701,1,0
425710,1,0
425718,1,0
425770,1,0
425895,1,0
425960,1,0
425999,1,0
426003,1,0
426041,1,0
426064,1,0
426080,1,0
426083,1,0
426094,1,0
426118,1,0
426134,1,0
426144,1,0
426167,1,0
426185,1,0
426264,1,0
426272,1,0
426304,1,0
426412,1,0
426413,1,0
426505,1,0
426740,1,0
426798,1,0
426813,1,0
426839,1,0
426843,1,0
426870,1,0
426961,1,0
426978,1,0
426983,1,0
427025,1,0
427065,1,0
427068,1,0
427084,1,0
427102,1,0
427111,1,0
427115,1,0
427190,1,0
427220,1,0
427329,1,0
427342,1,0
427354,1,0
427372,1,0
427378,1,0
427512,1,0
427541,1,0
427589,1,0
427597,1,0
427651,1,0
427682,1,0
427701,1,0
427775,1,0
427852,1,0
427891,1,0
427902,1,0
427973,1,0
427993,1,0
428143,1,0
428302,1,0
428492,1,0
428503,1,0
428589,1,0
428616,1,0
428739,1,0
428920,1,0
428960,1,0
429037,1,0
429050,1,0
429093,1,0
429103,1,0
429132,1,0
429139,1,0
429183,1,0
429213,1,0
429214,1,0
429236,1,0
429260,1,0
429371,1,0
429572,1,0
429581,1,0
429585,1,0
429604,1,0
429968,1,0
430006,1,0
430146,1,0
430193,1,0
430216,1,0
430312,1,0
430313,1,0
430321,1,0
430368,1,0
430465,1,0
430529,1,0
430796,1,0
430864,1,0
430960,1,0
431053,1,0
431057,1,0
431062,1,0
431072,1,0
431135,1,0
431138,1,0
431174,1,0
431255,1,0
431385,1,0
431415,1,0
431437,1,0
431626,1,0
431632,1,0
431653,1,0
431672,1,0
431738,1,0
431833,1,0
431846,1,0
431854,1,0
431909,1,0
432002,1,0
432044,1,0
432184,1,0
432225,1,0
432245,1,0
432311,1,0
432417,1,0
432419,1,0
432578,1,0
432721,1,0
432749,1,0
432762,1,0
432783,1,0
432801,1,0
432824,1,0
432886,1,0
432904,1,0
432986,1,0
432994,1,0
433034,1,0
433044,1,0
433113,1,0
433146,1,0
433149,1,0
433195,1,0
433215,1,0
433332,1,0
433374,1,0
433378,1,0
433536,1,0
433546,1,0
433592,1,0
433597,1,0
433627,1,0
433671,1,0
433699,1,0
433704,1,0
433734,1,0
433790,1,0
433857,1,0
433887,1,0
433899,1,0
433953,1,0
433960,1,0
433961,1,0
433972,1,0
434072,1,0
434292,1,0
434418,1,0
434455,1,0
434466,1,0
434475,1,0
434497,1,0
434503,1,0
434508,1,0
434584,1,0
434627,1,0
434687,1,0
434745,1,0
434773,1,0
434817,1,0
434830,1,0
434883,1,0
434948,1,0
435047,1,0
435056,1,0
435101,1,0
435122,1,0
435149,1,0
435294,1,0
435327,1,0
435345,1,0
435394,1,0
435401,1,0
435434,1,0
435452,1,0
435496,1,0
435497,1,0
435597,1,0
435667,1,0
435774,1,0
435856,1,0
435969,1,0
436028,1,0
436031,1,0
436186,1,0
436213,1,0
436276,1,0
436278,1,0
436297,1,0
436325,1,0
436328,1,0
436376,1,0
436382,1,0
436413,1,0
436550,1,0
436614,1,0
436627,1,0
436646,1,0
436673,1,0
436868,1,0
437006,1,0
437009,1,0
437031,1,0
437053,1,0
437105,1,0
437165,1,0
437230,1,0
437274,1,0
437332,1,0
437391,1,0
437411,1,0
437413,1,0
437476,1,0
437545,1,0
437593,1,0
437646,1,0
437714,1,0
437761,1,0
437812,1,0
437835,1,0
437896,1,0
437901,1,0
437951,1,0
438067,1,0
438095,1,0
438230,1,0
438369,1,0
438428,1,0
438446,1,0
438455,1,0
438522,1,0
438545,1,0
438570,1,0
438606,1,0
438623,1,0
438669,1,0
438725,1,0
438806,1,0
438898,1,0
438944,1,0
438953,1,0
438969,1,0
438989,1,0
439085,1,0
439100,1,0
439153,1,0
439172,1,0
439193,1,0
439218,1,0
439391,1,0
439493,1,0
439538,1,0
439599,1,0
439644,1,0
439667,1,0
439677,1,0
439687,1,0
439700,1,0
439706,1,0
439818,1,0
439861,1,0
439865,1,0
439897,1,0
439968,1,0
439980,1,0
439995,1,0
440085,1,0
440090,1,0
440110,1,0
440217,1,0
440223,1,0
440234,1,0
440287,1,0
440340,1,0
440364,1,0
440381,1,0
440399,1,0
440460,1,0
440468,1,0
440476,1,0
440489,1,0
440537,1,0
440703,1,0
440705,1,0
440719,1,0
440739,1,0
440741,1,0
440779,1,0
440790,1,0
440803,1,0
440830,1,0
440863,1,0
440879,1,0
440950,1,0
441030,1,0
441093,1,0
441200,1,0
441207,1,0
441242,1,0
441269,1,0
441280,1,0
441298,1,0
441305,1,0
441325,1,0
441406,1,0
441427,1,0
441461,1,0
441487,1,0
441553,1,0
441571,1,0
441658,1,0
441659,1,0
441668,1,0
441678,1,0
441708,1,0
441781,1,0
441787,1,0
441820,1,0
441908,1,0
441942,1,0
441958,1,0
441963,1,0
441990,1,0
441996,1,0
442007,1,0
442060,1,0
442123,1,0
442243,1,0
442273,1,0
442326,1,0
442341,1,0
442392,1,0
442477,1,0
442536,1,0
442549,1,0
442584,1,0
442588,1,0
442639,1,0
442693,1,0
442741,1,0
442883,1,0
442904,1,0
442950,1,0
442984,1,0
442995,1,0
443024,1,0
443176,1,0
443239,1,0
443240,1,0
443327,1,0
443448,1,0
443536,1,0
443627,1,0
443652,1,0
443664,1,0
443732,1,0
443765,1,0
443842,1,0
443844,1,0
444077,1,0
444121,1,0
444127,1,0
444128,1,0
444162,1,0
444197,1,0
444221,1,0
444256,1,0
444322,1,0
444333,1,0
444380,1,0
444411,1,0
444513,1,0
444558,1,0
444567,1,0
444590,1,0
444596,1,0
444622,1,0
444639,1,0
444655,1,0
444887,1,0
444924,1,0
445116,1,0
445129,1,0
445218,1,0
445232,1,0
445257,1,0
445265,1,0
445296,1,0
445325,1,0
445345,1,0
445552,1,0
445614,1,0
445668,1,0
445675,1,0
445709,1,0
445721,1,0
445773,1,0
445793,1,0
445887,1,0
445908,1,0
446002,1,0
446071,1,0
446072,1,0
446154,1,0
446155,1,0
446289,1,0
446297,1,0
446351,1,0
446364,1,0
446378,1,0
446589,1,0
446615,1,0
446653,1,0
446679,1,0
446853,1,0
446932,1,0
446971,1,0
447003,1,0
447033,1,0
447071,1,0
447126,1,0
447152,1,0
447192,1,0
447201,1,0
447215,1,0
447286,1,0
447315,1,0
447318,1,0
447573,1,0
447603,1,0
447691,1,0
447713,1,0
447749,1,0
447764,1,0
447773,1,0
447808,1,0
447812,1,0
447823,1,0
447932,1,0
448067,1,0
448099,1,0
448128,1,0
448177,1,0
448291,1,0
448316,1,0
448340,1,0
448357,1,0
448382,1,0
448410,1,0
448527,1,0
448563,1,0
448589,1,0
448592,1,0
448594,1,0
448611,1,0
448613,1,0
448633,1,0
448640,1,0
448691,1,0
448692,1,0
448695,1,0
448742,1,0
448755,1,0
448819,1,0
448874,1,0
449010,1,0
449163,1,0
449185,1,0
449295,1,0
449330,1,0
449352,1,0
449387,1,0
449394,1,0
449414,1,0
449462,1,0
449557,1,0
449560,1,0
449562,1,0
449636,1,0
449679,1,0
449787,1,0
449832,1,0
449872,1,0
449885,1,0
449935,1,0
450033,1,0
450073,1,0
450143,1,0
450190,1,0
450216,1,0
450235,1,0
450237,1,0
450248,1,0
450447,1,0
450538,1,0
450571,1,0
450688,1,0
450711,1,0
450722,1,0
450765,1,0
450850,1,0
450855,1,0
450873,1,0
450911,1,0
450926,1,0
450949,1,0
450964,1,0
450997,1,0
450999,1,0
451027,1,0
451067,1,0
451166,1,0
451170,1,0
451255,1,0
451294,1,0
451303,1,0
451330,1,0
451360,1,0
451384,1,0
451426,1,0
451453,1,0
451458,1,0
451471,1,0
451497,1,0
451498,1,0
451580,1,0
451582,1,0
451583,1,0
451763,1,0
451839,1,0
451847,1,0
451973,1,0
451979,1,0
452035,1,0
452097,1,0
452130,1,0
452146,1,0
452238,1,0
452281,1,0
452295,1,0
452341,1,0
452383,1,0
452391,1,0
452417,1,0
452423,1,0
452513,1,0
452561,1,0
452593,1,0
452664,1,0
452683,1,0
452765,1,0
452772,1,0
452786,1,0
452808,1,0
452832,1,0
452846,1,0
452877,1,0
452881,1,0
452929,1,0
452955,1,0
452966,1,0
452969,1,0
452986,1,0
453000,1,0
453003,1,0
453027,1,0
453033,1,0
453037,1,0
453038,1,0
453042,1,0
453045,1,0
453054,1,0
453080,1,0
453093,1,0
453099,1,0
453136,1,0
453141,1,0
453165,1,0
453166,1,0
453168,1,0
453170,1,0
453234,1,0
453235,1,0
453243,1,0
453256,1,0
453262,1,0
453264,1,0
453275,1,0
453297,1,0
453298,1,0
453323,1,0
453343,1,0
453350,1,0
453391,1,0
453394,1,0
453407,1,0
453428,1,0
453465,1,0
453472,1,0
453480,1,0
453516,1,0
453519,1,0
453528,1,0
453547,1,0
453570,1,0
453603,1,0
453604,1,0
453607,1,0
453617,1,0
453661,1,0
453670,1,0
453673,1,0
453683,1,0
453692,1,0
453711,1,0
453713,1,0
453812,1,0
453845,1,0
453864,1,0
453882,1,0
453906,1,0
453914,1,0
453917,1,0
453920,1,0
453934,1,0
453959,1,0
453962,1,0
453964,1,0
453965,1,0
453975,1,0
454013,1,0
454015,1,0
454034,1,0
454047,1,0
454057,1,0
454061,1,0
454062,1,0
454065,1,0
454068,1,0
454090,1,0
454096,1,0
454107,1,0
454126,1,0
454163,1,0
454165,1,0
454175,1,0
454176,1,0
454184,1,0
454186,1,0
454198,1,0
454204,1,0
454211,1,0
454213,1,0
454225,1,0
454241,1,0
454243,1,0
454244,1,0
454251,1,0
454285,1,0
454292,1,0
454304,1,0
454310,1,0
454330,1,0
454343,1,0
454348,1,0
454359,1,0
454430,1,0
454437,1,0
454448,1,0
454452,1,0
454479,1,0
454493,1,0
454496,1,0
454498,1,0
454523,1,0
454526,1,0
454529,1,0
454534,1,0
454535,1,0
454544,1,0
454553,1,0
454564,1,0
454571,1,0
454578,1,0
454583,1,0
454585,1,0
454588,1,0
454594,1,0
454596,1,0
454598,1,0
454604,1,0
454605,1,0
454621,1,0
454634,1,0
454638,1,0
454642,1,0
454643,1,0
454644,1,0
454655,1,0
454657,1,0
454660,1,0
454666,1,0
454675,1,0
454679,1,0
454710,1,0
454711,1,0
454714,1,0
454718,1,0
454731,1,0
454733,1,0
454747,1,0
454784,1,0
454790,1,0
454799,1,0
454812,1,0
454813,1,0
454816,1,0
454827,1,0
454829,1,0
454844,1,0
454854,1,0
454857,1,0
454875,1,0
454895,1,0
454901,1,0
454911,1,0
454917,1,0
454939,1,0
454955,1,0
454987,1,0
454992,1,0
455000,1,0
455003,1,0
455014,1,0
455018,1,0
455027,1,0
455040,1,0
455047,1,0
455050,1,0
455058,1,0
455059,1,0
455075,1,0
455082,1,0
455083,1,0
455099,1,0
455104,1,0
455107,1,0
455113,1,0
455122,1,0
455123,1,0
455124,1,0
455127,1,0
455144,1,0
455146,1,0
455148,1,0
455150,1,0
455154,1,0
455155,1,0
455160,1,0
455166,1,0
455172,1,0
455173,1,0
455183,1,0
455186,1,0
455193,1,0
455194,1,0
455197,1,0
455203,1,0
455204,1,0
455205,1,0
455217,1,0
455218,1,0
455224,1,0
455228,1,0
455229,1,0
455236,1,0
455237,1,0
455241,1,0
455249,1,0
455251,1,0
455253,1,0
455258,1,0
455259,1,0
455262,1,0
455268,1,0
455270,1,0
455273,1,0
455274,1,0
455275,1,0
455282,1,0
455283,1,0
455285,1,0
455286,1,0
455299,1,0
455311,1,0
455315,1,0
455320,1,0
455325,1,0
455327,1,0
455336,1,0
455337,1,0
455339,1,0
455340,1,0
455342,1,0
455344,1,0
455349,1,0
455353,1,0
455354,1,0
455358,1,0
455370,1,0
455371,1,0
455373,1,0
455381,1,0
455383,1,0
455384,1,0
455385,1,0
455388,1,0
455392,1,0
455393,1,0
455394,1,0
455395,1,0
455402,1,0
455406,1,0
455413,1,0
455414,1,0
455417,1,0
455418,1,0
455419,1,0
455420,1,0
455424,1,0
455425,1,0
455428,1,0
455430,1,0
455433,1,0
455435,1,0
455446,1,0
455448,1,0
455449,1,0
455451,1,0
455452,1,0
455453,1,0
455457,1,0
455460,1,0
455469,1,0
455480,1,0
455483,1,0
455486,1,0
455488,1,0
455489,1,0
455491,1,0
455493,1,0
455494,1,0
455495,1,0
455500,1,0
455501,1,0
455504,1,0
455507,1,0
455509,1,0
455510,1,0
455513,1,0
455517,1,0
455518,1,0
455520,1,0
455522,1,0
455524,1,0
455526,1,0
455527,1,0
455528,1,0
455529,1,0
455531,1,0
455532,1,0
455536,1,0
455538,1,0
455542,1,0
455544,1,0
455549,1,0
455550,1,0
455552,1,0
455553,1,0
455560,1,0
455561,1,0
455563,1,0
455566,1,0
455585,1,0
455590,1,0
455600,1,0
455606,1,0
455608,1,0
455611,1,0
455613,1,0
455616,1,0
455626,1,0
455627,1,0
455630,1,0
455638,1,0
455640,1,0
455642,1,0
455644,1,0
455646,1,0
455647,1,0
455648,1,0
455649,1,0
455652,1,0
455653,1,0
455654,1,0
455657,1,0
455660,1,0
455661,1,0
455663,1,0
455665,1,0
455670,1,0
455671,1,0
455674,1,0
455684,1,0
455685,1,0
455687,1,0
455691,1,0
455699,1,0
455701,1,0
455706,1,0
455708,1,0
455710,1,0
455711,1,0
455712,1,0
455713,1,0
455717,1,0
455725,1,0
455728,1,0
455734,1,0
455738,1,0
455742,1,0
455752,1,0
455758,1,0
455765,1,0
455766,1,0
455767,1,0
455770,1,0
455773,1,0
455774,1,0
455775,1,0
455776,1,0
455785,1,0
455786,1,0
455789,1,0
455791,1,0
455793,1,0
455794,1,0
455797,1,0
455800,1,0
455804,1,0
455805,1,0
455807,1,0
455810,1,0
455811,1,0
455812,1,0
455813,1,0
455814,1,0
455816,1,0
455818,1,0
455819,1,0
455822,1,0
455824,1,0
455825,1,0
455829,1,0
455831,1,0
455833,1,0
455835,1,0
455839,1,0
455842,1,0
455844,1,0
455845,1,0
455846,1,0
455852,1,0
455862,1,0
455865,1,0
455866,1,0
455867,1,0
455868,1,0
455870,1,0
455873,1,0
455875,1,0
455876,1,0
455879,1,0
455880,1,0
455881,1,0
455882,1,0
455886,1,0
455887,1,0
455892,1,0
455894,1,0
455896,1,0
455903,1,0
455904,1,0
455905,1,0
455907,1,0
455908,1,0
455919,1,0
455920,1,0
455923,1,0
455924,1,0
455925,1,0
455927,1,0
455929,1,0
455933,1,0
455934,1,0
455952,1,0
455954,1,0
455956,1,0
455965,1,0
455967,1,0
455970,1,0
455973,1,0
455983,1,0
455989,1,0
455990,1,0
455992,1,0
455997,1,0
455998,1,0
455999,1,0
456003,1,0
456005,1,0
456006,1,0
456010,1,0
456012,1,0
456013,1,0
456015,1,0
456019,1,0
456026,1,0
456028,1,0
456030,1,0
456035,1,0
456036,1,0
456040,1,0
456041,1,0
456045,1,0
456049,1,0
456051,1,0
456053,1,0
456056,1,0
456064,1,0
456068,1,0
456072,1,0
456074,1,0
456078,1,0
456079,1,0
456080,1,0
456085,1,0
456095,1,0
456096,1,0
456099,1,0
456103,1,0
456107,1,0
456113,1,0
456114,1,0
456115,1,0
456121,1,0
456122,1,0
456123,1,0
456126,1,0
456129,1,0
456132,1,0
456134,1,0
456136,1,0
456148,1,0
456149,1,0
456161,1,0
456162,1,0
456163,1,0
456169,1,0
456183,1,0
456185,1,0
456186,1,0
456189,1,0
456190,1,0
456192,1,0
456194,1,0
456200,1,0
456206,1,0
456207,1,0
456220,1,0
456228,1,0
456231,1,0
456232,1,0
456233,1,0
456236,1,0
456242,1,0
456244,1,0
456245,1,0
456249,1,0
456253,1,0
456254,1,0
456260,1,0
456261,1,0
456262,1,0
456263,1,0
456264,1,0
456265,1,0
456269,1,0
456272,1,0
456274,1,0
456276,1,0
456277,1,0
456278,1,0
456286,1,0
456287,1,0
456288,1,0
456290,1,0
456291,1,0
456292,1,0
456293,1,0
456297,1,0
456298,1,0
456299,1,0
456305,1,0
456312,1,0
456314,1,0
456317,1,0
456319,1,0
456324,1,0
456327,1,0
456329,1,0
456331,1,0
456336,1,0
456337,1,0
456345,1,0
456348,1,0
456349,1,0
456352,1,0
456353,1,0
456364,1,0
456373,1,0
456378,1,0
456379,1,0
456380,1,0
456381,1,0
456392,1,0
456395,1,0
456398,1,0
456399,1,0
456401,1,0
456412,1,0
456421,1,0
456433,1,0
456436,1,0
456437,1,0
456440,1,0
456447,1,0
456448,1,0
456455,1,0
456460,1,0
456466,1,0
456476,1,0
456477,1,0
456479,1,0
456488,1,0
456492,1,0
456494,1,0
456495,1,0
456505,1,0
456506,1,0
456510,1,0
456515,1,0
456520,1,0
456524,1,0
456528,1,0
456529,1,0
456536,1,0
456537,1,0
456543,1,0
456547,1,0
456548,1,0
456549,1,0
456551,1,0
456554,1,0
456558,1,0
456562,1,0
456565,1,0
456566,1,0
456569,1,0
456571,1,0
456572,1,0
456573,1,0
456574,1,0
456582,1,0
456586,1,0
456592,1,0
456593,1,0
456594,1,0
456595,1,0
456598,1,0
456599,1,0
456600,1,0
456602,1,0
456604,1,0
456605,1,0
456606,1,0
456609,1,0
456610,1,0
456612,1,0
456621,1,0
456623,1,0
456628,1,0
456630,1,0
456633,1,0
456636,1,0
456637,1,0
456639,1,0
456646,1,0
456649,1,0
456652,1,0
456653,1,0
456654,1,0
456658,1,0
456665,1,0
456667,1,0
456672,1,0
456673,1,0
456674,1,0
456675,1,0
456678,1,0
456687,1,0
456688,1,0
456692,1,0
456693,1,0
456700,1,0
456701,1,0
456702,1,0
456703,1,0
456714,1,0
456715,1,0
456716,1,0
456718,1,0
456719,1,0
456722,1,0
456723,1,0
456726,1,0
456728,1,0
456741,1,0
456743,1,0
456744,1,0
456750,1,0
456751,1,0
456755,1,0
456757,1,0
456760,1,0
456765,1,0
456768,1,0
456772,1,0
456774,1,0
456778,1,0
456783,1,0
456784,1,0
456785,1,0
456792,1,0
456795,1,0
456799,1,0
456802,1,0
456804,1,0
456806,1,0
456808,1,0
456815,1,0
456817,1,0
456821,1,0
456822,1,0
456824,1,0
456826,1,0
456827,1,0
456831,1,0
456834,1,0
456835,1,0
456838,1,0
456840,1,0
456845,1,0
456847,1,0
456851,1,0
456852,1,0
456853,1,0
456855,1,0
456857,1,0
456860,1,0
456861,1,0
456863,1,0
456866,1,0
456871,1,0
456874,1,0
456875,1,0
456882,1,0
456884,1,0
456887,1,0
456893,1,0
456898,1,0
456903,1,0
456919,1,0
456920,1,0
456921,1,0
456924,1,0
456925,1,0
456928,1,0
456931,1,0
456936,1,0
456940,1,0
456941,1,0
456942,1,0
456943,1,0
456947,1,0
456948,1,0
456952,1,0
456953,1,0
456954,1,0
456958,1,0
456963,1,0
456964,1,0
456967,1,0
456970,1,0
456976,1,0
456988,1,0
456991,1,0
456993,1,0
456998,1,0
456999,1,0
457001,1,0
457007,1,0
457010,1,0
457013,1,0
457014,1,0
457015,1,0
457017,1,0
457021,1,0
457022,1,0
457023,1,0
457026,1,0
457027,1,0
457029,1,0
457042,1,0
457044,1,0
457045,1,0
457050,1,0
457054,1,0
457055,1,0
457060,1,0
457062,1,0
457063,1,0
457065,1,0
457066,1,0
457067,1,0
457071,1,0
457075,1,0
457081,1,0
457083,1,0
457085,1,0
457089,1,0
457092,1,0
457095,1,0
457100,1,0
457103,1,0
457111,1,0
457114,1,0
457115,1,0
457116,1,0
457119,1,0
457130,1,0
457131,1,0
457138,1,0
457141,1,0
457145,1,0
457146,1,0
457148,1,0
457149,1,0
457150,1,0
457151,1,0
457153,1,0
457155,1,0
457159,1,0
457161,1,0
457163,1,0
457164,1,0
457168,1,0
457172,1,0
457176,1,0
457178,1,0
457180,1,0
457182,1,0
457183,1,0
457184,1,0
457186,1,0
457190,1,0
457191,1,0
457193,1,0
457200,1,0
457205,1,0
457206,1,0
457207,1,0
457212,1,0
457220,1,0
457227,1,0
457229,1,0
457233,1,0
457234,1,0
457236,1,0
457237,1,0
457245,1,0
457253,1,0
457257,1,0
457259,1,0
457262,1,0
457268,1,0
457272,1,0
457275,1,0
457276,1,0
457277,1,0
457285,1,0
457292,1,0
457303,1,0
457304,1,0
457306,1,0
457315,1,0
457318,1,0
457320,1,0
457323,1,0
457326,1,0
457327,1,0
457336,1,0
457343,1,0
457346,1,0
457350,1,0
457353,1,0
457355,1,0
457358,1,0
457361,1,0
457368,1,0
457369,1,0
457379,1,0
457385,1,0
457390,1,0
457391,1,0
457392,1,0
457393,1,0
457398,1,0
457400,1,0
457404,1,0
457405,1,0
457407,1,0
457409,1,0
457410,1,0
457411,1,0
457413,1,0
457417,1,0
457418,1,0
457423,1,0
457428,1,0
457429,1,0
457432,1,0
457434,1,0
457435,1,0
457437,1,0
457438,1,0
457443,1,0
457445,1,0
457446,1,0
457447,1,0
457451,1,0
457453,1,0
457454,1,0
457455,1,0
457459,1,0
457460,1,0
457462,1,0
457463,1,0
457464,1,0
457465,1,0
457466,1,0
457467,1,0
457471,1,0
457474,1,0
457475,1,0
457479,1,0
457482,1,0
457484,1,0
457500,1,0
457506,1,0
457508,1,0
457515,1,0
457517,1,0
457519,1,0
457523,1,0
457525,1,0
457526,1,0
457529,1,0
457530,1,0
457534,1,0
457536,1,0
457540,1,0
457541,1,0
457542,1,0
457544,1,0
457546,1,0
457549,1,0
457551,1,0
457552,1,0
457553,1,0
457556,1,0
457560,1,0
457561,1,0
457569,1,0
457570,1,0
457574,1,0
457575,1,0
457576,1,0
457577,1,0
457580,1,0
457582,1,0
457592,1,0
457596,1,0
457601,1,0
457604,1,0
457605,1,0
457607,1,0
457610,1,0
457612,1,0
457620,1,0
457625,1,0
457626,1,0
457632,1,0
457633,1,0
457634,1,0
457638,1,0
457640,1,0
457641,1,0
457643,1,0
457646,1,0
457650,1,0
457653,1,0
457658,1,0
457668,1,0
457671,1,0
457672,1,0
457673,1,0
457675,1,0
457678,1,0
457679,1,0
457680,1,0
457684,1,0
457685,1,0
457694,1,0
457695,1,0
457698,1,0
457703,1,0
457704,1,0
457708,1,0
457710,1,0
457722,1,0
457726,1,0
457727,1,0
457729,1,0
457730,1,0
457732,1,0
457736,1,0
457740,1,0
457746,1,0
457747,1,0
457750,1,0
457751,1,0
457756,1,0
457763,1,0
457764,1,0
457765,1,0
457773,1,0
457775,1,0
457777,1,0
457778,1,0
457785,1,0
457789,1,0
457794,1,0
457799,1,0
457802,1,0
457804,1,0
457805,1,0
457806,1,0
457816,1,0
457818,1,0
457819,1,0
457820,1,0
457821,1,0
457822,1,0
457825,1,0
457826,1,0
457829,1,0
457830,1,0
457834,1,0
457835,1,0
457839,1,0
457841,1,0
457843,1,0
457850,1,0
457851,1,0
457853,1,0
457859,1,0
457862,1,0
457867,1,0
457868,1,0
457872,1,0
457875,1,0
457877,1,0
457879,1,0
457880,1,0
457884,1,0
457886,1,0
457890,1,0
457892,1,0
457893,1,0
457894,1,0
457896,1,0
457897,1,0
457898,1,0
457900,1,0
457902,1,0
457903,1,0
457904,1,0
457906,1,0
457908,1,0
457909,1,0
457910,1,0
457911,1,0
457914,1,0
457916,1,0
457917,1,0
457918,1,0
457921,1,0
457924,1,0
457930,1,0
457932,1,0
457933,1,0
457934,1,0
457935,1,0
457942,1,0
457946,1,0
457947,1,0
457949,1,0
457950,1,0
457954,1,0
457957,1,0
457958,1,0
457959,1,0
457962,1,0
457964,1,0
457966,1,0
457968,1,0
457971,1,0
457972,1,0
457973,1,0
457974,1,0
457993,1,0
457995,1,0
457997,1,0
457998,1,0
458003,1,0
458009,1,0
458022,1,0
458033,1,0
458036,1,0
458037,1,0
458040,1,0
458041,1,0
458044,1,0
458048,1,0
458049,1,0
458054,1,0
458056,1,0
458059,1,0
458063,1,0
458065,1,0
458073,1,0
458075,1,0
458076,1,0
458081,1,0
458086,1,0
458088,1,0
458090,1,0
458092,1,0
458098,1,0
458100,1,0
458103,1,0
458106,1,0
458107,1,0
458118,1,0
458126,1,0
458127,1,0
458129,1,0
458130,1,0
458133,1,0
458137,1,0
458139,1,0
458142,1,0
458145,1,0
458146,1,0
458148,1,0
458149,1,0
458150,1,0
458155,1,0
458156,1,0
458157,1,0
458158,1,0
458161,1,0
458162,1,0
458166,1,0
458169,1,0
458176,1,0
458179,1,0
458181,1,0
458187,1,0
458190,1,0
458194,1,0
458195,1,0
458199,1,0
458203,1,0
458216,1,0
458217,1,0
458219,1,0
458221,1,0
458225,1,0
458230,1,0
458233,1,0
458236,1,0
458237,1,0
458238,1,0
458241,1,0
458242,1,0
458243,1,0
458245,1,0
458251,1,0
458253,1,0
458254,1,0
458261,1,0
458263,1,0
458280,1,0
458286,1,0
458290,1,0
458295,1,0
458297,1,0
458299,1,0
458307,1,0
458308,1,0
458309,1,0
458310,1,0
458313,1,0
458316,1,0
458317,1,0
458319,1,0
458320,1,0
458321,1,0
458322,1,0
458327,1,0
458328,1,0
458329,1,0
458330,1,0
458338,1,0
458340,1,0
458342,1,0
458348,1,0
458352,1,0
458353,1,0
458354,1,0
458357,1,0
458358,1,0
458363,1,0
458366,1,0
458367,1,0
458368,1,0
458371,1,0
458372,1,0
458373,1,0
458375,1,0
458377,1,0
458382,1,0
458397,1,0
458399,1,0
458401,1,0
458402,1,0
458404,1,0
458405,1,0
458412,1,0
458416,1,0
458418,1,0
458419,1,0
458421,1,0
458425,1,0
458427,1,0
458428,1,0
458431,1,0
458432,1,0
458436,1,0
458438,1,0
458439,1,0
458441,1,0
458443,1,0
458445,1,0
458446,1,0
458448,1,0
458449,1,0
458450,1,0
458452,1,0
458454,1,0
458460,1,0
458462,1,0
458464,1,0
458466,1,0
458468,1,0
458469,1,0
458472,1,0
458475,1,0
458476,1,0
458479,1,0
458480,1,0
458483,1,0
458488,1,0
458490,1,0
458493,1,0
458495,1,0
458496,1,0
458503,1,0
458508,1,0
458518,1,0
458520,1,0
458521,1,0
458526,1,0
458527,1,0
458533,1,0
458544,1,0
458552,1,0
458555,1,0
458560,1,0
458565,1,0
458568,1,0
458570,1,0
458574,1,0
458575,1,0
458576,1,0
458577,1,0
458578,1,0
458582,1,0
458584,1,0
458590,1,0
458593,1,0
458596,1,0
458598,1,0
458600,1,0
458608,1,0
458609,1,0
458612,1,0
458613,1,0
458614,1,0
458615,1,0
458617,1,0
458621,1,0
458627,1,0
458628,1,0
458631,1,0
458637,1,0
458646,1,0
458652,1,0
458656,1,0
458660,1,0
458661,1,0
458665,1,0
458669,1,0
458672,1,0
458675,1,0
458676,1,0
458677,1,0
458679,1,0
458682,1,0
458684,1,0
458688,1,0
458694,1,0
458699,1,0
458703,1,0
458708,1,0
458713,1,0
458715,1,0
458717,1,0
458729,1,0
458730,1,0
458734,1,0
458746,1,0
458749,1,0
458751,1,0
458752,1,0
458762,1,0
458769,1,0
458770,1,0
458777,1,0
458786,1,0
458788,1,0
458789,1,0
458794,1,0
458796,1,0
458797,1,0
458800,1,0
458801,1,0
458802,1,0
458804,1,0
458805,1,0
458806,1,0
458808,1,0
458809,1,0
458813,1,0
458816,1,0
458819,1,0
458820,1,0
458827,1,0
458840,1,0
458841,1,0
458843,1,0
458848,1,0
458850,1,0
458855,1,0
458857,1,0
458858,1,0
458859,1,0
458863,1,0
458864,1,0
458866,1,0
458869,1,0
458871,1,0
458872,1,0
458874,1,0
458879,1,0
458886,1,0
458887,1,0
458888,1,0
458892,1,0
458893,1,0
458894,1,0
458895,1,0
458896,1,0
458897,1,0
458902,1,0
458907,1,0
458909,1,0
458910,1,0
458912,1,0
458926,1,0
458929,1,0
458930,1,0
458931,1,0
458932,1,0
458935,1,0
458938,1,0
458942,1,0
458945,1,0
458947,1,0
458948,1,0
458950,1,0
458958,1,0
458959,1,0
458969,1,0
458971,1,0
458975,1,0
458976,1,0
458977,1,0
458979,1,0
458980,1,0
458986,1,0
458987,1,0
458988,1,0
458996,1,0
459001,1,0
459009,1,0
459014,1,0
459020,1,0
459021,1,0
459022,1,0
459027,1,0
459029,1,0
459032,1,0
459033,1,0
459035,1,0
459037,1,0
459041,1,0
459048,1,0
459049,1,0
459054,1,0
459058,1,0
459059,1,0
459075,1,0
459076,1,0
459080,1,0
459081,1,0
459087,1,0
459088,1,0
459092,1,0
459093,1,0
459094,1,0
459096,1,0
459097,1,0
459099,1,0
459100,1,0
459107,1,0
459108,1,0
459111,1,0
459114,1,0
459115,1,0
459120,1,0
459125,1,0
459128,1,0
459141,1,0
459143,1,0
459151,1,0
459158,1,0
459159,1,0
459160,1,0
459163,1,0
459173,1,0
459174,1,0
459180,1,0
459185,1,0
459201,1,0
459206,1,0
459207,1,0
459208,1,0
459217,1,0
459218,1,0
459220,1,0
459223,1,0
459224,1,0
459231,1,0
459235,1,0
459236,1,0
459243,1,0
459246,1,0
459251,1,0
459252,1,0
459253,1,0
459259,1,0
459261,1,0
459263,1,0
459272,1,0
459275,1,0
459278,1,0
459282,1,0
459284,1,0
459290,1,0
459296,1,0
459299,1,0
459303,1,0
459310,1,0
459313,1,0
459327,1,0
459328,1,0
459336,1,0
459343,1,0
459346,1,0
459347,1,0
459351,1,0
459357,1,0
459359,1,0
459361,1,0
459367,1,0
459371,1,0
459373,1,0
459374,1,0
459377,1,0
459382,1,0
459384,1,0
459394,1,0
459398,1,0
459403,1,0
459404,1,0
459405,1,0
459408,1,0
459410,1,0
459411,1,0
459412,1,0
459413,1,0
459415,1,0
459418,1,0
459420,1,0
459423,1,0
459425,1,0
459429,1,0
459434,1,0
459435,1,0
459438,1,0
459441,1,0
459443,1,0
459444,1,0
459445,1,0
459447,1,0
459450,1,0
459456,1,0
459457,1,0
459458,1,0
459459,1,0
459463,1,0
459466,1,0
459469,1,0
459472,1,0
459474,1,0
459479,1,0
459480,1,0
459481,1,0
459484,1,0
459485,1,0
459486,1,0
459487,1,0
459488,1,0
459490,1,0
459493,1,0
459494,1,0
459503,1,0
459505,1,0
459507,1,0
459511,1,0
459512,1,0
459518,1,0
459520,1,0
459527,1,0
459528,1,0
459529,1,0
459531,1,0
459534,1,0
459543,1,0
459545,1,0
459546,1,0
459548,1,0
459559,1,0
459560,1,0
459563,1,0
459565,1,0
459569,1,0
459571,1,0
459572,1,0
459576,1,0
459582,1,0
459590,1,0
459591,1,0
459595,1,0
459597,1,0
459599,1,0
459606,1,0
459609,1,0
459613,1,0
459620,1,0
459625,1,0
459629,1,0
459631,1,0
459632,1,0
459647,1,0
459649,1,0
459661,1,0
459662,1,0
459666,1,0
459667,1,0
459671,1,0
459675,1,0
459678,1,0
459680,1,0
459681,1,0
459688,1,0
459691,1,0
459693,1,0
459694,1,0
459698,1,0
459702,1,0
459703,1,0
459705,1,0
459707,1,0
459708,1,0
459709,1,0
459711,1,0
459713,1,0
459717,1,0
459718,1,0
459719,1,0
459720,1,0
459721,1,0
459722,1,0
459723,1,0
459726,1,0
459730,1,0
459744,1,0
459746,1,0
459749,1,0
459751,1,0
459753,1,0
459758,1,0
459762,1,0
459763,1,0
459765,1,0
459766,1,0
459769,1,0
459770,1,0
459772,1,0
459774,1,0
459776,1,0
459778,1,0
459787,1,0
459789,1,0
459790,1,0
459791,1,0
459795,1,0
459799,1,0
459800,1,0
459802,1,0
459806,1,0
459810,1,0
459813,1,0
459819,1,0
459823,1,0
459824,1,0
459828,1,0
459831,1,0
459832,1,0
459833,1,0
459836,1,0
459838,1,0
459841,1,0
459844,1,0
459854,1,0
459855,1,0
459857,1,0
459860,1,0
459862,1,0
459870,1,0
459871,1,0
459872,1,0
459874,1,0
459880,1,0
459882,1,0
459883,1,0
459884,1,0
459887,1,0
459899,1,0
459900,1,0
459901,1,0
459910,1,0
459916,1,0
459918,1,0
459920,1,0
459922,1,0
459925,1,0
459927,1,0
459929,1,0
459935,1,0
459939,1,0
459943,1,0
459953,1,0
459955,1,0
459959,1,0
459963,1,0
459967,1,0
459974,1,0
459975,1,0
459976,1,0
459977,1,0
459980,1,0
459981,1,0
459986,1,0
459989,1,0
459991,1,0
459993,1,0
459994,1,0
459997,1,0
460003,1,0
460005,1,0
460006,1,0
460011,1,0
460019,1,0
460020,1,0
460027,1,0
460029,1,0
460032,1,0
460033,1,0
460037,1,0
460038,1,0
460046,1,0
460047,1,0
460048,1,0
460050,1,0
460067,1,0
460069,1,0
460071,1,0
460072,1,0
460074,1,0
460080,1,0
460081,1,0
460083,1,0
460087,1,0
460098,1,0
460099,1,0
460101,1,0
460103,1,0
460104,1,0
460106,1,0
460107,1,0
460109,1,0
460111,1,0
460114,1,0
460118,1,0
460120,1,0
460121,1,0
460123,1,0
460127,1,0
460134,1,0
460139,1,0
460145,1,0
460148,1,0
460151,1,0
460152,1,0
460154,1,0
460159,1,0
460162,1,0
460165,1,0
460171,1,0
460172,1,0
460175,1,0
460176,1,0
460178,1,0
460180,1,0
460183,1,0
460185,1,0
460186,1,0
460188,1,0
460193,1,0
460194,1,0
460199,1,0
460202,1,0
460206,1,0
460210,1,0
460211,1,0
460219,1,0
460223,1,0
460229,1,0
460234,1,0
460236,1,0
460243,1,0
460245,1,0
460246,1,0
460247,1,0
460251,1,0
460252,1,0
460254,1,0
460257,1,0
460258,1,0
460260,1,0
460262,1,0
460265,1,0
460267,1,0
460272,1,0
460273,1,0
460274,1,0
460276,1,0
460277,1,0
460278,1,0
460286,1,0
460287,1,0
460288,1,0
460289,1,0
460292,1,0
460293,1,0
460296,1,0
460303,1,0
460308,1,0
460311,1,0
460316,1,0
460320,1,0
460324,1,0
460331,1,0
460334,1,0
460338,1,0
460340,1,0
460343,1,0
460346,1,0
460348,1,0
460349,1,0
460350,1,0
460353,1,0
460354,1,0
460359,1,0
460361,1,0
460363,1,0
460371,1,0
460372,1,0
460373,1,0
460376,1,0
460378,1,0
460380,1,0
460382,1,0
460383,1,0
460384,1,0
460390,1,0
460396,1,0
460403,1,0
460408,1,0
460411,1,0
460422,1,0
460427,1,0
460428,1,0
460434,1,0
460436,1,0
460439,1,0
460445,1,0
460446,1,0
460452,1,0
460454,1,0
460455,1,0
460456,1,0
460458,1,0
460468,1,0
460470,1,0
460472,1,0
460480,1,0
460486,1,0
460492,1,0
460493,1,0
460494,1,0
460497,1,0
460498,1,0
460499,1,0
460500,1,0
460501,1,0
460503,1,0
460508,1,0
460511,1,0
460520,1,0
460525,1,0
460526,1,0
460529,1,0
460531,1,0
460532,1,0
460534,1,0
460537,1,0
460539,1,0
460541,1,0
460548,1,0
460549,1,0
460550,1,0
460555,1,0
460557,1,0
460572,1,0
460574,1,0
460576,1,0
460577,1,0
460583,1,0
460589,1,0
460590,1,0
460592,1,0
460593,1,0
460594,1,0
460595,1,0
460604,1,0
460606,1,0
460607,1,0
460611,1,0
460618,1,0
460619,1,0
460622,1,0
460624,1,0
460628,1,0
460632,1,0
460638,1,0
460640,1,0
460641,1,0
460648,1,0
460649,1,0
460657,1,0
460658,1,0
460659,1,0
460660,1,0
460661,1,0
460663,1,0
460664,1,0
460667,1,0
460669,1,0
460670,1,0
460673,1,0
460677,1,0
460678,1,0
460682,1,0
460686,1,0
460690,1,0
460693,1,0
460698,1,0
460702,1,0
460704,1,0
460705,1,0
460709,1,0
460713,1,0
460715,1,0
460716,1,0
460721,1,0
460724,1,0
460725,1,0
460730,1,0
460733,1,0
460735,1,0
460741,1,0
460742,1,0
460743,1,0
460744,1,0
460746,1,0
460748,1,0
460753,1,0
460757,1,0
460759,1,0
460768,1,0
460769,1,0
460771,1,0
460782,1,0
460785,1,0
460786,1,0
460788,1,0
460793,1,0
460800,1,0
460804,1,0
460806,1,0
460809,1,0
460811,1,0
460812,1,0
460813,1,0
460817,1,0
460819,1,0
460820,1,0
460822,1,0
460823,1,0
460824,1,0
460825,1,0
460828,1,0
460835,1,0
460837,1,0
460847,1,0
460849,1,0
460853,1,0
460857,1,0
460859,1,0
460861,1,0
460862,1,0
460863,1,0
460864,1,0
460868,1,0
460871,1,0
460872,1,0
460873,1,0
460878,1,0
460880,1,0
460885,1,0
460886,1,0
460887,1,0
460896,1,0
460901,1,0
460904,1,0
460911,1,0
460913,1,0
460914,1,0
460916,1,0
460919,1,0
460923,1,0
460924,1,0
460925,1,0
460926,1,0
460930,1,0
460933,1,0
460936,1,0
460938,1,0
460946,1,0
460951,1,0
460962,1,0
460963,1,0
460964,1,0
460965,1,0
460968,1,0
460970,1,0
460975,1,0
460979,1,0
460982,1,0
460986,1,0
460994,1,0
461003,1,0
461005,1,0
461013,1,0
461014,1,0
461017,1,0
461023,1,0
461024,1,0
461030,1,0
461036,1,0
461041,1,0
461047,1,0
461048,1,0
461057,1,0
461059,1,0
461061,1,0
461065,1,0
461066,1,0
461071,1,0
461073,1,0
461084,1,0
461087,1,0
461090,1,0
461101,1,0
461102,1,0
461104,1,0
461107,1,0
461111,1,0
461116,1,0
461124,1,0
461125,1,0
461126,1,0
461136,1,0
461138,1,0
461145,1,0
461147,1,0
461148,1,0
461151,1,0
461152,1,0
461153,1,0
461156,1,0
461158,1,0
461160,1,0
461168,1,0
461170,1,0
461172,1,0
461190,1,0
461191,1,0
461192,1,0
461193,1,0
461197,1,0
461200,1,0
461204,1,0
461207,1,0
461211,1,0
461213,1,0
461215,1,0
461216,1,0
461221,1,0
461224,1,0
461232,1,0
461236,1,0
461239,1,0
461240,1,0
461243,1,0
461244,1,0
461247,1,0
461248,1,0
461251,1,0
461254,1,0
461260,1,0
461261,1,0
461264,1,0
461270,1,0
461271,1,0
461273,1,0
461281,1,0
461289,1,0
461290,1,0
461294,1,0
461296,1,0
461297,1,0
461300,1,0
461303,1,0
461307,1,0
461308,1,0
461311,1,0
461315,1,0
461320,1,0
461327,1,0
461328,1,0
461329,1,0
461332,1,0
461339,1,0
461343,1,0
461345,1,0
461353,1,0
461354,1,0
461356,1,0
461358,1,0
461361,1,0
461364,1,0
461367,1,0
461373,1,0
461374,1,0
461380,1,0
461384,1,0
461386,1,0
461387,1,0
461392,1,0
461398,1,0
461403,1,0
461405,1,0
461407,1,0
461413,1,0
461418,1,0
461420,1,0
461423,1,0
461424,1,0
461425,1,0
461427,1,0
461430,1,0
461433,1,0
461438,1,0
461441,1,0
461442,1,0
461445,1,0
461448,1,0
461450,1,0
461457,1,0
461459,1,0
461460,1,0
461461,1,0
461464,1,0
461467,1,0
461473,1,0
461477,1,0
461481,1,0
461483,1,0
461485,1,0
461493,1,0
461498,1,0
461503,1,0
461506,1,0
461507,1,0
461508,1,0
461511,1,0
461513,1,0
461514,1,0
461528,1,0
461529,1,0
461531,1,0
461533,1,0
461536,1,0
461539,1,0
461542,1,0
461545,1,0
461548,1,0
461550,1,0
461554,1,0
461555,1,0
461556,1,0
461560,1,0
461561,1,0
461562,1,0
461577,1,0
461586,1,0
461591,1,0
461595,1,0
461605,1,0
461606,1,0
461610,1,0
461613,1,0
461615,1,0
461624,1,0
461628,1,0
461634,1,0
461635,1,0
461638,1,0
461639,1,0
461641,1,0
461642,1,0
461643,1,0
461647,1,0
461650,1,0
461655,1,0
461658,1,0
461659,1,0
461661,1,0
461662,1,0
461666,1,0
461668,1,0
461671,1,0
461672,1,0
461677,1,0
461688,1,0
461690,1,0
461691,1,0
461692,1,0
461695,1,0
461696,1,0
461706,1,0
461708,1,0
461709,1,0
461711,1,0
461720,1,0
461722,1,0
461723,1,0
461725,1,0
461727,1,0
461729,1,0
461730,1,0
461731,1,0
461733,1,0
461737,1,0
461738,1,0
461745,1,0
461748,1,0
461751,1,0
461752,1,0
461754,1,0
461755,1,0
461757,1,0
461761,1,0
461764,1,0
461768,1,0
461769,1,0
461775,1,0
461777,1,0
461783,1,0
461788,1,0
461789,1,0
461795,1,0
461803,1,0
461804,1,0
461806,1,0
461807,1,0
461813,1,0
461815,1,0
461817,1,0
461820,1,0
461822,1,0
461829,1,0
461832,1,0
461833,1,0
461834,1,0
461836,1,0
461840,1,0
461842,1,0
461845,1,0
461850,1,0
461851,1,0
461855,1,0
461857,1,0
461860,1,0
461863,1,0
461865,1,0
461866,1,0
461868,1,0
461869,1,0
461870,1,0
461871,1,0
461874,1,0
461879,1,0
461885,1,0
461888,1,0
461889,1,0
461893,1,0
461894,1,0
461897,1,0
461898,1,0
461899,1,0
461903,1,0
461909,1,0
461914,1,0
461915,1,0
461917,1,0
461918,1,0
461921,1,0
461922,1,0
461926,1,0
461928,1,0
461930,1,0
461933,1,0
461934,1,0
461935,1,0
461941,1,0
461942,1,0
461945,1,0
461947,1,0
461955,1,0
461956,1,0
461958,1,0
461963,1,0
461967,1,0
461971,1,0
461974,1,0
461978,1,0
461979,1,0
461980,1,0
461981,1,0
461982,1,0
461984,1,0
461988,1,0
461990,1,0
461996,1,0
461999,1,0
462004,1,0
462020,1,0
462025,1,0
462026,1,0
462027,1,0
462030,1,0
462036,1,0
462038,1,0
462039,1,0
462040,1,0
462042,1,0
462045,1,0
462049,1,0
462052,1,0
462054,1,0
462057,1,0
462076,1,0
462084,1,0
462087,1,0
462089,1,0
462090,1,0
462091,1,0
462092,1,0
462096,1,0
462112,1,0
462118,1,0
462124,1,0
462129,1,0
462131,1,0
462135,1,0
462137,1,0
462138,1,0
462148,1,0
462149,1,0
462155,1,0
462158,1,0
462160,1,0
462161,1,0
462163,1,0
462166,1,0
462167,1,0
462173,1,0
462174,1,0
462175,1,0
462178,1,0
462181,1,0
462184,1,0
462185,1,0
462188,1,0
462189,1,0
462190,1,0
462191,1,0
462192,1,0
462193,1,0
462194,1,0
462195,1,0
462200,1,0
462205,1,0
462207,1,0
462209,1,0
462211,1,0
462213,1,0
462216,1,0
462220,1,0
462221,1,0
462222,1,0
462226,1,0
462231,1,0
462233,1,0
462241,1,0
462242,1,0
462250,1,0
462251,1,0
462253,1,0
462256,1,0
462257,1,0
462259,1,0
462260,1,0
462261,1,0
462268,1,0
462271,1,0
462274,1,0
462276,1,0
462279,1,0
462280,1,0
462281,1,0
462285,1,0
462286,1,0
462288,1,0
462290,1,0
462294,1,0
462297,1,0
462300,1,0
462301,1,0
462302,1,0
462303,1,0
